,level_0,index,name,state,state_code,type,degree_length,room_and_board,in_state_tuition,in_state_total,out_of_state_tuition,out_of_state_total,early_career_pay,mid_career_pay,make_world_better_percent,stem_percent
0,0,5,Adams State University,Colorado,CO,Public,4 Year,8782.0,9440,18222,20456,29238,44400,81400,56.0,3
1,2,11,Agnes Scott College,Georgia,GA,Private,4 Year,12330.0,41160,53490,41160,53490,46000,83600,57.0,26
2,3,16,Alabama State University,Alabama,AL,Public,4 Year,5422.0,11068,16490,19396,24818,39800,71500,61.0,16
3,4,19,Alaska Pacific University,Alaska,AK,Private,4 Year,7300.0,20830,28130,20830,28130,50300,90000,67.0,6
4,5,20,Albany College of Pharmacy and Health Sciences,New York,NY,Private,4 Year,10920.0,35105,46025,35105,46025,81000,144800,82.0,2
5,6,23,Albertus Magnus College,Connecticut,CT,Private,4 Year,13200.0,32060,45260,32060,45260,49700,85900,62.0,2
6,7,24,Albion College,Michigan,MI,Private,4 Year,12380.0,45775,58155,45775,58155,52100,99300,44.0,23
7,8,26,Alcorn State University,Mississippi,MS,Public,4 Year,9608.0,7144,16752,7144,16752,40900,69500,67.0,19
8,9,34,Allen College,Iowa,IA,Private,4 Year,7282.0,19970,27252,19970,27252,51600,91300,,0
9,10,38,Alma College,Michigan,MI,Private,4 Year,10998.0,40258,51256,40258,51256,48400,89900,52.0,15
10,11,44,Amberton University,Texas,TX,Private,4 Year,,12840,12840,12840,12840,52800,93600,57.0,0
11,12,64,Amherst College,Massachusetts,MA,Private,4 Year,14740.0,56426,71166,56426,71166,63800,116500,45.0,32
12,13,65,Amridge University,Alabama,AL,Private,4 Year,,6900,6900,6900,6900,35700,65900,,0
13,14,70,Andrews University,Michigan,MI,Private,4 Year,9078.0,29288,38366,29288,38366,47600,85000,51.0,7
14,15,85,Appalachian State University,North Carolina,NC,Public,4 Year,8304.0,7214,15518,22021,30325,46600,82700,47.0,9
15,16,90,Arizona Christian University,Arizona,AZ,Private,4 Year,10674.0,26796,37470,26796,37470,42600,76600,,7
16,17,100,Arkansas Tech University,Arkansas,AR,Public,4 Year,7870.0,9068,16938,15848,23718,45000,76900,54.0,7
17,19,110,Asbury University,Kentucky,KY,Private,4 Year,7160.0,30198,37358,30198,37358,39400,70800,59.0,4
18,20,119,Athens State University,Alabama,AL,Public,4 Year,,6810,6810,12870,12870,45000,78800,51.0,9
19,21,125,Auburn University,Alabama,AL,Public,4 Year,13332.0,11276,24608,30524,43856,54400,104500,51.0,31
20,22,126,Auburn University at Montgomery,Alabama,AL,Public,4 Year,6980.0,10288,17268,22048,29028,45000,79600,61.0,12
21,23,127,Augsburg University,Minnesota,MN,Private,4 Year,10280.0,38800,49080,38800,49080,50500,91000,52.0,11
22,24,129,Augusta University,Georgia,GA,Public,4 Year,9640.0,10758,20398,29796,39436,47000,84400,69.0,10
23,25,131,Augustana University,South Dakota,SD,Private,4 Year,8248.0,33018,41266,33018,41266,47900,88400,54.0,18
24,26,137,Austin Peay State University,Tennessee,TN,Public,4 Year,10700.0,8411,19111,24467,35167,44200,78200,63.0,10
25,27,140,Avila University,Missouri,MO,Private,4 Year,7200.0,19900,27100,19900,27100,45900,81200,68.0,3
26,28,142,Babson College,Massachusetts,MA,Private,4 Year,16312.0,51104,67416,51104,67416,72000,133800,37.0,0
27,29,143,Baker University,Kansas,KS,Private,4 Year,8410.0,29830,38240,29830,38240,47800,84200,55.0,2
28,30,146,Ball State University,Indiana,IN,Public,4 Year,10234.0,9896,20130,26468,36702,45600,83700,48.0,7
29,31,156,Barnard College,New York,NY,Private,4 Year,17225.0,55032,72257,55032,72257,59200,109800,57.0,19
30,32,157,Barry University,Florida,FL,Private,4 Year,11100.0,29850,40950,29850,40950,47400,84400,66.0,12
31,33,159,Barton College,North Carolina,NC,Private,4 Year,10120.0,30880,41000,30880,41000,42400,77900,62.0,6
32,34,161,Bastyr University,Washington,WA,Private,4 Year,7590.0,26166,33756,26166,33756,48400,86300,,0
33,35,162,Bates College,Maine,ME,Private,4 Year,15224.0,53794,69018,53794,69018,59500,111900,50.0,23
34,36,170,Baylor University,Texas,TX,Private,4 Year,12595.0,45727,58322,45727,58322,55500,101400,49.0,16
35,37,176,Belhaven University,Mississippi,MS,Private,4 Year,8500.0,25300,33800,25300,33800,41200,74300,60.0,2
36,38,177,Bellarmine University,Kentucky,KY,Private,4 Year,12250.0,42200,54450,42200,54450,49000,90700,54.0,11
37,39,178,Bellevue College,Washington,WA,Public,2 Year,,4258,4258,9689,9689,50100,88500,56.0,14
38,40,179,Bellevue University,Nebraska,NE,Private,4 Year,8730.0,9390,18120,9390,18120,49400,84800,57.0,23
39,41,180,Bellin College,Wisconsin,WI,Private,4 Year,,22178,22178,22178,22178,55800,97600,94.0,0
40,42,182,Belmont Abbey College,North Carolina,NC,Private,4 Year,10355.0,18500,28855,18500,28855,46700,82900,49.0,7
41,43,184,Belmont University,Tennessee,TN,Private,4 Year,12120.0,34310,46430,34310,46430,47300,80900,47.0,3
42,44,185,Beloit College,Wisconsin,WI,Private,4 Year,8830.0,50040,58870,50040,58870,47400,85700,59.0,24
43,45,187,Benedict College,South Carolina,SC,Private,4 Year,6200.0,16600,22800,16600,22800,38100,67500,61.0,19
44,46,188,Benedictine College,Kansas,KS,Private,4 Year,10300.0,29530,39830,29530,39830,48700,91800,69.0,13
45,47,192,Bennington College,Vermont,VT,Private,4 Year,15610.0,54360,69970,54360,69970,48800,90000,50.0,5
46,48,193,Bentley University,Massachusetts,MA,Private,4 Year,16320.0,49880,66200,49880,66200,66600,116600,36.0,7
47,49,194,Berea College,Kentucky,KY,Private,4 Year,6764.0,39990,46754,39990,46754,39500,71600,53.0,27
48,50,200,Berry College,Georgia,GA,Private,4 Year,12770.0,36556,49326,36556,49326,44900,84900,44.0,21
49,51,222,Black Hills State University,South Dakota,SD,Public,4 Year,6978.0,8733,15711,11778,18756,40400,72600,51.0,11
50,52,230,Bloomfield College,New Jersey,NJ,Private,4 Year,11950.0,29550,41500,29550,41500,48400,89100,55.0,17
51,53,238,Bluefield State College,West Virginia,WV,Public,4 Year,,8820,8820,16920,16920,43200,72800,60.0,3
52,54,243,Boise State University,Idaho,ID,Public,4 Year,10692.0,7694,18386,23776,34468,50100,86400,55.0,14
53,55,249,Boston College,Massachusetts,MA,Private,4 Year,14478.0,55464,69942,55464,69942,63600,115400,43.0,13
54,56,251,Boston University,Massachusetts,MA,Private,4 Year,15720.0,53948,69668,53948,69668,61400,113600,43.0,25
55,57,252,Bowdoin College,Maine,ME,Private,4 Year,14698.0,53922,68620,53922,68620,61300,112000,54.0,37
56,58,253,Bowie State University,Maryland,MD,Public,4 Year,10904.0,8233,19137,18873,29777,50300,89900,65.0,11
57,59,256,Bradley University,Illinois,IL,Private,4 Year,10620.0,33760,44380,33760,44380,55600,104900,46.0,38
58,60,257,Brandeis University,Massachusetts,MA,Private,4 Year,15440.0,55395,70835,55395,70835,60600,113200,48.0,29
59,61,261,Brescia University,Kentucky,KY,Private,4 Year,9200.0,22400,31600,22400,31600,44300,81200,53.0,7
60,62,269,Brigham Young University-Hawaii,Hawaii,HI,Private,4 Year,6586.0,5560,12146,5560,12146,51700,93900,57.0,12
61,63,270,Brigham Young University-Idaho,Idaho,ID,Private,4 Year,4592.0,4118,8710,4118,8710,53700,93500,59.0,14
62,64,276,Brown University,Rhode Island,RI,Private,4 Year,14670.0,55656,70326,55656,70326,68200,127600,45.0,43
63,65,281,Bryant University,Rhode Island,RI,Private,4 Year,15702.0,43973,59675,43973,59675,60500,108600,37.0,8
64,66,284,Bucknell University,Pennsylvania,PA,Private,4 Year,13662.0,56092,69754,56092,69754,66700,122900,40.0,40
65,67,290,Butler University,Indiana,IN,Private,4 Year,13830.0,41120,54950,41120,54950,51800,99300,53.0,9
66,68,304,California Institute of Technology,California,CA,Private,4 Year,15525.0,52362,67887,52362,67887,84100,151600,53.0,97
67,70,334,Cameron University,Oklahoma,OK,Public,4 Year,5452.0,6450,11902,15870,21322,43900,81500,54.0,14
68,71,335,Campbell University,North Carolina,NC,Private,4 Year,11430.0,32500,43930,32500,43930,46300,82400,56.0,8
69,72,336,Campbellsville University,Kentucky,KY,Private,4 Year,8000.0,25400,33400,25400,33400,37600,66800,50.0,7
70,73,345,Capitol Technology University,Maryland,MD,Private,4 Year,5708.0,25428,31136,25428,31136,67400,118400,63.0,88
71,74,346,Cardinal Stritch University,Wisconsin,WI,Private,4 Year,8440.0,29998,38438,29998,38438,47000,82500,51.0,2
72,75,352,Carleton College,Minnesota,MN,Private,4 Year,14085.0,54759,68844,54759,68844,58800,109900,47.0,45
73,76,356,Carnegie Mellon University,Pennsylvania,PA,Private,4 Year,14418.0,55465,69883,55465,69883,75900,136100,45.0,66
74,77,358,Carroll College,Montana,MT,Private,4 Year,9880.0,35486,45366,35486,45366,48200,91400,55.0,25
75,78,360,Carroll University,Wisconsin,WI,Private,4 Year,9484.0,31918,41402,31918,41402,45600,86500,49.0,14
76,79,361,Carson-Newman University,Tennessee,TN,Private,4 Year,8810.0,27900,36710,27900,36710,42700,76500,61.0,5
77,80,363,Carthage College,Wisconsin,WI,Private,4 Year,11990.0,43550,55540,43550,55540,48900,85400,48.0,17
78,81,366,Case Western Reserve University,Ohio,OH,Private,4 Year,15190.0,49042,64232,49042,64232,66600,117800,44.0,37
79,82,368,Castleton University,Vermont,VT,Public,4 Year,10598.0,12314,22912,28322,38920,41700,76200,52.0,6
80,83,369,Catawba College,North Carolina,NC,Private,4 Year,10488.0,30520,41008,30520,41008,42500,78100,58.0,11
81,84,379,Centenary College of Louisiana,Louisiana,LA,Private,4 Year,13400.0,36580,49980,36580,49980,47000,88400,37.0,26
82,85,383,Central Baptist College,Arkansas,AR,Private,4 Year,7500.0,16200,23700,16200,23700,36900,68000,,3
83,86,386,Central Christian College of Kansas,Kansas,KS,Private,4 Year,8286.0,26674,34960,26674,34960,37100,66100,,2
84,87,387,Central College,Iowa,IA,Private,4 Year,10280.0,37295,47575,37295,47575,49000,88800,55.0,36
85,88,389,Central Connecticut State University,Connecticut,CT,Public,4 Year,12176.0,10616,22792,21856,34032,53100,93700,45.0,15
86,89,394,Central Michigan University,Michigan,MI,Public,4 Year,10076.0,12960,23036,12960,23036,47700,83600,46.0,13
87,90,403,Central Washington University,Washington,WA,Public,4 Year,11115.0,8072,19187,23053,34168,52700,93200,47.0,13
88,91,407,Centre College,Kentucky,KY,Private,4 Year,10480.0,41700,52180,41700,52180,49500,88500,52.0,22
89,92,412,Chadron State College,Nebraska,NE,Public,4 Year,7380.0,7196,14576,7196,14576,42300,76700,66.0,3
90,93,415,Chaminade University of Honolulu,Hawaii,HI,Private,4 Year,13630.0,25374,39004,25374,39004,45400,84000,55.0,3
91,94,416,Champlain College,Vermont,VT,Private,4 Year,15354.0,41010,56364,41010,56364,51100,88400,39.0,14
92,95,419,Charles R Drew University of Medicine and Science,California,CA,Private,4 Year,,17440,17440,17440,17440,78300,135700,,3
93,96,420,Charleston Southern University,South Carolina,SC,Private,4 Year,10200.0,25500,35700,25500,35700,42800,76300,65.0,9
94,97,422,Charter Oak State College,Connecticut,CT,Public,4 Year,,10161,10161,13101,13101,49200,85900,68.0,2
95,98,438,Christian Brothers University,Tennessee,TN,Private,4 Year,7400.0,32820,40220,32820,40220,51500,96500,60.0,14
96,99,439,Christopher Newport University,Virginia,VA,Public,4 Year,11460.0,14754,26214,27220,38680,50800,87200,55.0,25
97,100,473,Claremont McKenna College,California,CA,Private,4 Year,16705.0,54405,71110,54405,71110,68500,125400,43.0,16
98,101,476,Clark Atlanta University,Georgia,GA,Private,4 Year,9524.0,23436,32960,23436,32960,46300,81100,54.0,15
99,102,477,Clark College,Washington,WA,Public,2 Year,,4287,4287,9718,9718,43500,78400,,9
100,103,479,Clark University,Massachusetts,MA,Private,4 Year,9170.0,45730,54900,45730,54900,52600,101400,47.0,14
101,104,480,Clarke University,Iowa,IA,Private,4 Year,9600.0,33350,42950,33350,42950,44900,80200,52.0,6
102,105,482,Clarkson College,Nebraska,NE,Private,4 Year,5398.0,16920,22318,16920,22318,50900,91500,74.0,0
103,106,483,Clarkson University,New York,NY,Private,4 Year,14908.0,49444,64352,49444,64352,66400,130100,58.0,58
104,107,487,Cleary University,Michigan,MI,Private,4 Year,9600.0,20250,29850,20250,29850,47400,84700,50.0,0
105,108,488,Clemson University,South Carolina,SC,Public,4 Year,10832.0,14970,25802,36724,47556,57500,106700,50.0,39
106,109,493,Cleveland State University,Ohio,OH,Public,4 Year,13560.0,10625,24185,14992,28552,48300,88600,51.0,20
107,110,504,Coastal Carolina University,South Carolina,SC,Public,4 Year,9190.0,11536,20726,26648,35838,44700,77600,48.0,14
108,111,510,Coe College,Iowa,IA,Private,4 Year,9480.0,45000,54480,45000,54480,47200,86900,41.0,24
109,112,514,Colby College,Maine,ME,Private,4 Year,14190.0,55210,69400,55210,69400,59200,103300,50.0,25
110,113,516,Colby-Sawyer College,New Hampshire,NH,Private,4 Year,14264.0,42398,56662,42398,56662,46400,83700,43.0,7
111,114,518,Colgate University,New York,NY,Private,4 Year,13995.0,55870,69865,55870,69865,68400,130600,41.0,26
112,115,519,College for Creative Studies,Michigan,MI,Private,4 Year,8800.0,44110,52910,44110,52910,51200,89800,40.0,0
113,116,526,College of Charleston,South Carolina,SC,Public,4 Year,12166.0,12738,24904,31920,44086,47300,85100,44.0,20
114,117,537,College of Saint Mary,Nebraska,NE,Private,4 Year,7700.0,20350,28050,20350,28050,43900,77700,45.0,9
115,118,551,College of the Holy Cross,Massachusetts,MA,Private,4 Year,14520.0,52770,67290,52770,67290,61800,114600,46.0,24
116,120,564,Colorado Christian University,Colorado,CO,Private,4 Year,11846.0,31866,43712,31866,43712,46800,80100,70.0,2
117,121,565,Colorado College,Colorado,CO,Private,4 Year,12512.0,55470,67982,55470,67982,53100,97900,48.0,23
118,122,566,Colorado Mesa University,Colorado,CO,Public,4 Year,10925.0,9243,20168,22440,33365,47800,81500,55.0,7
119,123,570,Colorado School of Mines,Colorado,CO,Public,4 Year,13169.0,18964,32133,38584,51753,75600,139600,60.0,93
120,124,583,Columbia International University,South Carolina,SC,Private,4 Year,8150.0,23690,31840,23690,31840,36600,66200,62.0,0
121,125,591,Columbus State University,Georgia,GA,Public,4 Year,9880.0,7200,17080,20682,30562,43300,77900,59.0,10
122,126,604,Concord University,West Virginia,WV,Public,4 Year,8988.0,7896,16884,17320,26308,41700,75800,53.0,9
123,127,616,Connecticut College,Connecticut,CT,Private,4 Year,15150.0,54820,69970,54820,69970,57500,100800,36.0,30
124,129,621,Cooper Union for the Advancement of Science and Art,New York,NY,Private,4 Year,16638.0,46700,63338,46700,63338,68500,126200,46.0,56
125,130,625,Corban University,Oregon,OR,Private,4 Year,10228.0,33040,43268,33040,43268,42500,77300,63.0,1
126,131,626,Cornell College,Iowa,IA,Private,4 Year,9384.0,42299,51683,42299,51683,49600,90600,47.0,22
127,132,627,Cornell University,New York,NY,Private,4 Year,14816.0,55188,70004,55188,70004,70100,128200,45.0,43
128,133,630,Cornish College of the Arts,Washington,WA,Private,4 Year,12400.0,41642,54042,41642,54042,49000,86400,39.0,0
129,134,635,Covenant College,Georgia,GA,Private,4 Year,10260.0,34330,44590,34330,44590,44400,79400,62.0,19
130,135,641,Creighton University,Nebraska,NE,Private,4 Year,11036.0,39916,50952,39916,50952,53500,95800,56.0,9
131,136,652,Cumberland University,Tennessee,TN,Private,4 Year,9290.0,22890,32180,22890,32180,45500,81000,61.0,3
132,137,662,Dakota State University,South Dakota,SD,Public,4 Year,6873.0,9276,16149,12249,19122,48400,84300,49.0,53
133,138,663,Dakota Wesleyan University,South Dakota,SD,Private,4 Year,7350.0,27300,34650,27300,34650,41800,75700,52.0,10
134,139,670,Dartmouth College,New Hampshire,NH,Private,4 Year,15756.0,55453,71209,55453,71209,71500,130900,44.0,35
135,140,672,Davidson College,North Carolina,NC,Private,4 Year,14372.0,51447,65819,51447,65819,57300,106900,50.0,28
136,141,684,Delaware State University,Delaware,DE,Public,4 Year,12190.0,7868,20058,16904,29094,46300,81900,62.0,10
137,142,691,Delta State University,Mississippi,MS,Public,4 Year,7722.0,7246,14968,7246,14968,40800,74200,63.0,5
138,143,692,Denison University,Ohio,OH,Private,4 Year,12710.0,51960,64670,51960,64670,54400,104800,45.0,22
139,144,694,DePaul University,Illinois,IL,Private,4 Year,14235.0,39975,54210,39975,54210,55700,102900,43.0,15
140,145,695,DePauw University,Indiana,IN,Private,4 Year,13020.0,49704,62724,49704,62724,56600,101000,47.0,24
141,146,700,Dickinson College,Pennsylvania,PA,Private,4 Year,13698.0,54661,68359,54661,68359,55800,100100,46.0,25
142,147,701,Dickinson State University,North Dakota,ND,Public,4 Year,6898.0,6765,13663,9544,16442,46400,81200,55.0,8
143,148,703,Dillard University,Louisiana,LA,Private,4 Year,10100.0,18099,28199,18099,28199,44700,79800,74.0,20
144,150,715,Drake University,Iowa,IA,Private,4 Year,10528.0,41396,51924,41396,51924,52800,99900,49.0,7
145,151,716,Drew University,New Jersey,NJ,Private,4 Year,14108.0,39500,53608,39500,53608,52800,95000,37.0,16
146,152,717,Drexel University,Pennsylvania,PA,Private,4 Year,14079.0,53279,67358,53279,67358,61700,114800,47.0,28
147,153,718,Drury University,Missouri,MO,Private,4 Year,8096.0,28365,36461,28365,36461,42600,79400,60.0,12
148,154,719,Duke University,North Carolina,NC,Private,4 Year,15178.0,55695,70873,55695,70873,71100,132100,50.0,26
149,155,724,Earlham College,Indiana,IN,Private,4 Year,10400.0,46450,56850,46450,56850,49100,88400,57.0,31
150,156,726,East Carolina University,North Carolina,NC,Public,4 Year,9606.0,7188,16794,23465,33071,48400,85400,55.0,11
151,157,729,East Central University,Oklahoma,OK,Public,4 Year,5514.0,6810,12324,17700,23214,44700,77500,66.0,9
152,158,734,East Tennessee State University,Tennessee,TN,Public,4 Year,8472.0,9277,17749,28459,36931,43700,77300,57.0,8
153,159,738,Eastern Connecticut State University,Connecticut,CT,Public,4 Year,13560.0,11356,24916,22596,36156,49200,87800,43.0,14
154,160,743,Eastern Kentucky University,Kentucky,KY,Public,4 Year,9018.0,9296,18314,19074,28092,45600,80700,56.0,5
155,161,746,Eastern Michigan University,Michigan,MI,Public,4 Year,9854.0,13959,23813,13959,23813,47300,86700,50.0,6
156,162,751,Eastern Oregon University,Oregon,OR,Public,4 Year,10040.0,8679,18719,20739,30779,44000,73900,56.0,5
157,163,754,Eastern Washington University,Washington,WA,Public,4 Year,12793.0,7323,20116,24444,37237,49500,87500,52.0,17
158,164,760,Eckerd College,Florida,FL,Private,4 Year,12588.0,44540,57128,44540,57128,49200,88400,52.0,25
159,165,763,Edgewood College,Wisconsin,WI,Private,4 Year,11020.0,29500,40520,29500,40520,49500,87500,54.0,5
160,166,783,Elon University,North Carolina,NC,Private,4 Year,12230.0,35319,47549,35319,47549,53600,93700,43.0,7
161,167,792,Emory University,Georgia,GA,Private,4 Year,14456.0,51306,65762,51306,65762,62000,110800,44.0,20
162,168,794,Emporia State University,Kansas,KS,Public,4 Year,8912.0,6758,15670,20675,29587,43500,78000,60.0,9
163,169,798,Erskine College,South Carolina,SC,Private,4 Year,10900.0,34560,45460,34560,45460,43500,78000,57.0,28
164,170,810,Fairfield University,Connecticut,CT,Private,4 Year,14710.0,48350,63060,48350,63060,62300,116900,41.0,17
165,171,813,Fairmont State University,West Virginia,WV,Public,4 Year,9004.0,7514,16518,16324,25328,42900,74100,53.0,7
166,172,817,Faulkner University,Alabama,AL,Private,4 Year,7750.0,21690,29440,21690,29440,39400,71300,61.0,2
167,173,821,Felician University,New Jersey,NJ,Private,4 Year,12880.0,34315,47195,34315,47195,53200,98200,51.0,10
168,174,822,Ferris State University,Michigan,MI,Public,4 Year,9894.0,12630,22524,12630,22524,50000,89300,50.0,8
169,175,823,Ferrum College,Virginia,VA,Private,4 Year,11500.0,34175,45675,34175,45675,43000,80600,54.0,6
170,176,828,Fisk University,Tennessee,TN,Private,4 Year,10790.0,21480,32270,21480,32270,45300,83600,53.0,39
171,177,834,Florida Agricultural and Mechanical University,Florida,FL,Public,4 Year,10594.0,5827,16421,17768,28362,48000,83900,62.0,8
172,178,835,Florida Atlantic University,Florida,FL,Public,4 Year,11896.0,6039,17935,21595,33491,49400,91200,51.0,15
173,179,839,Florida Institute of Technology,Florida,FL,Private,4 Year,12880.0,41850,54730,41850,54730,58300,105400,53.0,48
174,180,840,Florida International University,Florida,FL,Public,4 Year,10882.0,6558,17440,18956,29838,49600,90100,51.0,16
175,181,847,Florida State University,Florida,FL,Public,4 Year,10816.0,6516,17332,21683,32499,50800,92700,49.0,18
176,182,852,Fordham University,New York,NY,Private,4 Year,17969.0,52687,70656,52687,70656,58700,112500,38.0,10
177,183,855,Fort Hays State University,Kansas,KS,Public,4 Year,8300.0,5133,13433,15201,23501,45100,79300,64.0,6
178,184,856,Fort Lewis College,Colorado,CO,Public,4 Year,9878.0,9040,18918,19696,29574,48300,82600,55.0,19
179,185,862,Francis Marion University,South Carolina,SC,Public,4 Year,7948.0,11160,19108,21544,29492,42900,77600,58.0,18
180,186,866,Franklin College,Indiana,IN,Private,4 Year,9946.0,32010,41956,32010,41956,48900,86200,45.0,21
181,187,867,Franklin Pierce University,New Hampshire,NH,Private,4 Year,13345.0,36900,50245,36900,50245,47800,85600,52.0,3
182,188,871,Freed-Hardeman University,Tennessee,TN,Private,4 Year,8260.0,21950,30210,21950,30210,43700,78200,54.0,9
183,189,875,Friends University,Kansas,KS,Private,4 Year,7972.0,28415,36387,28415,36387,44700,76500,59.0,14
184,190,877,Frostburg State University,Maryland,MD,Public,4 Year,10202.0,9172,19374,22892,33094,49600,87000,48.0,19
185,191,898,George Fox University,Oregon,OR,Private,4 Year,11250.0,36020,47270,36020,47270,51200,89600,52.0,8
186,192,899,George Mason University,Virginia,VA,Public,4 Year,11460.0,12462,23922,35922,47382,58900,105700,48.0,23
187,193,901,Georgetown College,Kentucky,KY,Private,4 Year,9780.0,38650,48430,38650,48430,45000,81900,54.0,10
188,194,911,Georgia Southern University,Georgia,GA,Public,4 Year,10070.0,7422,17492,20904,30974,49000,88000,49.0,17
189,195,913,Georgia State University,Georgia,GA,Public,4 Year,11378.0,10858,22236,29432,40810,50600,90800,47.0,18
190,196,916,Gettysburg College,Pennsylvania,PA,Private,4 Year,13010.0,54480,67490,54480,67490,58400,109300,39.0,24
191,198,923,Goddard College,Vermont,VT,Private,4 Year,1698.0,16586,18284,16586,18284,42700,76900,,0
192,199,927,Goldey-Beacom College,Delaware,DE,Private,4 Year,6400.0,24300,30700,24300,30700,49800,86900,42.0,25
193,200,929,Gonzaga University,Washington,WA,Private,4 Year,11944.0,43210,55154,43210,55154,57800,107600,51.0,19
194,201,935,Goucher College,Maryland,MD,Private,4 Year,14506.0,44300,58806,44300,58806,49400,90600,42.0,11
195,202,941,Grambling State University,Louisiana,LA,Public,4 Year,7192.0,7435,14627,16458,23650,43100,73100,66.0,10
196,203,946,Granite State College,New Hampshire,NH,Public,4 Year,,9645,9645,10875,10875,43500,76900,67.0,3
197,205,961,Grinnell College,Iowa,IA,Private,4 Year,12810.0,52392,65202,52392,65202,53400,96500,49.0,41
198,206,963,Grove City College,Pennsylvania,PA,Private,4 Year,9770.0,17930,27700,17930,27700,54400,98400,53.0,29
199,207,969,Gustavus Adolphus College,Minnesota,MN,Private,4 Year,9910.0,45400,55310,45400,55310,51200,96800,47.0,22
200,208,976,Hamilton College,New York,NY,Private,4 Year,13870.0,54620,68490,54620,68490,62600,108100,45.0,25
201,209,977,Hamline University,Minnesota,MN,Private,4 Year,10358.0,41298,51656,41298,51656,48100,90400,52.0,5
202,210,978,Hampden-Sydney College,Virginia,VA,Private,4 Year,13558.0,45746,59304,45746,59304,58300,108600,52.0,20
203,211,980,Hampton University,Virginia,VA,Private,4 Year,11778.0,26702,38480,26702,38480,52700,92600,61.0,12
204,212,982,Hanover College,Indiana,IN,Private,4 Year,11580.0,37670,49250,37670,49250,47500,85100,53.0,24
205,213,985,Harding University,Arkansas,AR,Private,4 Year,7044.0,20135,27179,20135,27179,49200,88600,47.0,10
206,214,994,Harvey Mudd College,California,CA,Private,4 Year,18127.0,56876,75003,56876,75003,88800,158200,55.0,85
207,215,996,Hastings College,Nebraska,NE,Private,4 Year,9700.0,30050,39750,30050,39750,48600,87100,55.0,14
208,216,997,Haverford College,Pennsylvania,PA,Private,4 Year,16402.0,54592,70994,54592,70994,59300,112300,47.0,36
209,217,998,Hawaii Pacific University,Hawaii,HI,Private,4 Year,14800.0,25980,40780,25980,40780,52200,93500,56.0,15
210,218,1010,Henderson State University,Arkansas,AR,Public,4 Year,7504.0,8436,15940,10086,17590,42900,79800,57.0,5
211,219,1011,Hendrix College,Arkansas,AR,Private,4 Year,12284.0,45790,58074,45790,58074,48100,90300,58.0,33
212,220,1015,Heritage University,Washington,WA,Private,4 Year,,18124,18124,18124,18124,41100,73600,,17
213,221,1019,High Point University,North Carolina,NC,Private,4 Year,14130.0,35118,49248,35118,49248,48600,84300,50.0,8
214,222,1034,Hofstra University,New York,NY,Private,4 Year,15948.0,46760,62708,46760,62708,57300,110400,38.0,7
215,223,1038,Holy Cross College,Indiana,IN,Private,4 Year,11500.0,30820,42320,30820,42320,48100,87800,,0
216,224,1043,Hood College,Maryland,MD,Private,4 Year,12700.0,39492,52192,39492,52192,47900,82600,49.0,32
217,225,1044,Hope College,Michigan,MI,Private,4 Year,10310.0,34010,44320,34010,44320,49200,90900,51.0,18
218,226,1064,Huntingdon College,Alabama,AL,Private,4 Year,9750.0,27400,37150,27400,37150,42400,78900,69.0,14
219,227,1069,Husson University,Maine,ME,Private,4 Year,9830.0,18180,28010,18180,28010,43300,77600,52.0,1
220,228,1074,Idaho State University,Idaho,ID,Public,4 Year,7207.0,7420,14627,22940,30147,50800,91800,64.0,12
221,229,1082,Illinois Institute of Technology,Illinois,IL,Private,4 Year,12762.0,47296,60058,47296,60058,64600,118500,47.0,64
222,230,1083,Illinois State University,Illinois,IL,Public,4 Year,9850.0,14516,24366,26040,35890,51200,95000,47.0,10
223,231,1085,Illinois Wesleyan University,Illinois,IL,Private,4 Year,10984.0,47636,58620,47636,58620,53100,96000,44.0,18
224,232,1090,Indiana Institute of Technology,Indiana,IN,Private,4 Year,10020.0,26900,36920,26900,36920,50000,84900,46.0,11
225,233,1091,Indiana State University,Indiana,IN,Public,4 Year,10590.0,9090,19680,19836,30426,47900,85600,55.0,8
226,234,1118,Iowa State University,Iowa,IA,Public,4 Year,8720.0,8988,17708,23392,32112,56100,101300,48.0,31
227,235,1144,Jackson State University,Mississippi,MS,Public,4 Year,9552.0,8226,17778,19454,29006,41700,74600,67.0,16
228,236,1146,Jacksonville State University,Alabama,AL,Public,4 Year,8100.0,10425,18525,20145,28245,43800,80000,61.0,7
229,237,1147,Jacksonville University,Florida,FL,Private,4 Year,14080.0,36670,50750,36670,50750,50100,90400,66.0,5
230,238,1149,James Madison University,Virginia,VA,Public,4 Year,10092.0,12016,22108,28416,38508,57400,102600,42.0,12
231,240,1163,John Brown University,Arkansas,AR,Private,4 Year,9224.0,26928,36152,26928,36152,47000,82700,53.0,9
232,241,1164,John Carroll University,Ohio,OH,Private,4 Year,11874.0,41340,53214,41340,53214,51600,97300,39.0,16
233,243,1170,Johns Hopkins University,Maryland,MD,Private,4 Year,15836.0,54240,70076,54240,70076,67200,117100,57.0,31
234,244,1184,Judson College,Alabama,AL,Private,4 Year,10590.0,18510,29100,18510,29100,37900,67600,65.0,13
235,245,1188,Kalamazoo College,Michigan,MI,Private,4 Year,9756.0,48516,58272,48516,58272,51600,94500,52.0,31
236,246,1191,Kansas City Art Institute,Missouri,MO,Private,4 Year,10400.0,38400,48800,38400,48800,42500,77700,37.0,0
237,247,1193,Kansas State University,Kansas,KS,Public,4 Year,9680.0,10263,19943,25767,35447,52500,97200,51.0,18
238,248,1194,Kansas Wesleyan University,Kansas,KS,Private,4 Year,9500.0,29500,39000,29500,39000,44700,79400,61.0,10
239,249,1196,Kean University,New Jersey,NJ,Public,4 Year,14470.0,12348,26818,19383,33853,48200,90000,51.0,10
240,250,1197,Keene State College,New Hampshire,NH,Public,4 Year,11026.0,14212,25238,23176,34202,48900,83600,49.0,8
241,251,1202,Kennesaw State University,Georgia,GA,Public,4 Year,11467.0,7432,18899,21158,32625,52500,94600,46.0,22
242,252,1211,Kentucky Christian University,Kentucky,KY,Private,4 Year,8270.0,19820,28090,19820,28090,39600,70300,68.0,3
243,253,1213,Kentucky State University,Kentucky,KY,Public,4 Year,6690.0,8090,14780,19390,26080,40700,73100,57.0,13
244,254,1214,Kentucky Wesleyan College,Kentucky,KY,Private,4 Year,9764.0,26440,36204,26440,36204,42100,76800,65.0,14
245,255,1215,Kenyon College,Ohio,OH,Private,4 Year,12510.0,55930,68440,55930,68440,55000,103800,50.0,17
246,256,1216,Kettering College,Ohio,OH,Private,4 Year,4100.0,16200,20300,16200,20300,54300,95800,,0
247,257,1217,Kettering University,Michigan,MI,Private,4 Year,8240.0,43490,51730,43490,51730,69900,125000,44.0,74
248,258,1228,Knox College,Illinois,IL,Private,4 Year,9870.0,46554,56424,46554,56424,50600,95400,45.0,24
249,259,1232,La Salle University,Pennsylvania,PA,Private,4 Year,15080.0,30560,45640,30560,45640,55800,104800,40.0,5
250,260,1238,Lafayette College,Pennsylvania,PA,Private,4 Year,15640.0,52880,68520,52880,68520,66500,122500,37.0,47
251,261,1243,Lake Forest College,Illinois,IL,Private,4 Year,10390.0,47064,57454,47064,57454,55400,102600,46.0,21
252,262,1248,Lake Superior State University,Michigan,MI,Public,4 Year,9882.0,12090,21972,12090,21972,45900,83500,48.0,14
253,263,1256,Lakeview College of Nursing,Illinois,IL,Private,4 Year,,16320,16320,16320,16320,55000,94100,83.0,0
254,264,1261,Lamar University,Texas,TX,Public,4 Year,8920.0,10192,19112,22642,31562,53300,101200,57.0,16
255,265,1263,Lander University,South Carolina,SC,Public,4 Year,9100.0,11700,20800,21300,30400,42600,77100,54.0,9
256,266,1269,Langston University,Oklahoma,OK,Public,4 Year,9476.0,5950,15426,13300,22776,46500,81500,66.0,8
257,267,1276,Lawrence Technological University,Michigan,MI,Private,4 Year,9950.0,33570,43520,33570,43520,57900,108400,49.0,60
258,268,1277,Lawrence University,Wisconsin,WI,Private,4 Year,10341.0,47475,57816,47475,57816,51500,98800,58.0,25
259,269,1287,Lehigh University,Pennsylvania,PA,Private,4 Year,13600.0,52930,66530,52930,66530,69500,134100,45.0,52
260,270,1290,Lenoir-Rhyne University,North Carolina,NC,Private,4 Year,12510.0,36400,48910,36400,48910,46400,86300,54.0,7
261,271,1292,LeTourneau University,Texas,TX,Private,4 Year,9970.0,30210,40180,30210,40180,56600,98900,53.0,21
262,272,1293,Lewis & Clark College,Oregon,OR,Private,4 Year,12490.0,50934,63424,50934,63424,50000,93200,51.0,12
263,273,1295,Lewis University,Illinois,IL,Private,4 Year,10578.0,32450,43028,32450,43028,49700,89800,53.0,14
264,274,1296,Lewis-Clark State College,Idaho,ID,Public,4 Year,7580.0,6618,14198,19236,26816,44900,77600,60.0,5
265,276,1309,Lindenwood University,Missouri,MO,Private,4 Year,9000.0,17600,26600,17600,26600,45100,78500,48.0,9
266,277,1310,Lindsey Wilson College,Kentucky,KY,Private,4 Year,9385.0,24850,34235,24850,34235,35300,64100,52.0,2
267,278,1313,Lipscomb University,Tennessee,TN,Private,4 Year,12652.0,32144,44796,32144,44796,49000,84800,59.0,12
268,279,1325,Longwood University,Virginia,VA,Public,4 Year,11746.0,13340,25086,29300,41046,47300,83300,54.0,9
269,280,1327,Loras College,Iowa,IA,Private,4 Year,8275.0,34184,42459,34184,42459,48000,90100,56.0,14
270,281,1339,Louisiana College,Louisiana,LA,Private,4 Year,5618.0,17000,22618,17000,22618,44800,79800,58.0,4
271,282,1345,Louisiana Tech University,Louisiana,LA,Public,4 Year,6495.0,9645,16140,18558,25053,53100,100700,57.0,24
272,283,1348,Loyola Marymount University,California,CA,Private,4 Year,14490.0,48522,63012,48522,63012,58500,113300,39.0,9
273,284,1349,Loyola University Chicago,Illinois,IL,Private,4 Year,14480.0,44048,58528,44048,58528,53400,96000,45.0,15
274,285,1350,Loyola University Maryland,Maryland,MD,Private,4 Year,14430.0,49085,63515,49085,63515,59900,111200,40.0,8
275,286,1351,Loyola University New Orleans,Louisiana,LA,Private,4 Year,13380.0,39692,53072,39692,53072,47900,88600,47.0,4
276,287,1355,Luther College,Iowa,IA,Private,4 Year,9460.0,42290,51750,42290,51750,48200,85900,49.0,21
277,289,1360,Lynn University,Florida,FL,Private,4 Year,12170.0,38210,50380,38210,50380,46100,85000,45.0,2
278,290,1361,Lyon College,Arkansas,AR,Private,4 Year,9130.0,28790,37920,28790,37920,41200,74300,53.0,33
279,291,1362,Macalester College,Minnesota,MN,Private,4 Year,12156.0,54344,66500,54344,66500,53600,100400,51.0,31
280,294,1373,Maine Maritime Academy,Maine,ME,Public,4 Year,10310.0,13478,23788,27098,37408,67000,121800,65.0,48
281,295,1377,Manchester University,Indiana,IN,Private,4 Year,9580.0,32758,42338,32758,42338,46900,84700,56.0,10
282,296,1379,Manhattan Christian College,Kansas,KS,Private,4 Year,9092.0,15850,24942,15850,24942,39400,72200,,0
283,297,1380,Manhattan College,New York,NY,Private,4 Year,16200.0,43480,59680,43480,59680,64000,125700,46.0,40
284,298,1390,Marietta College,Ohio,OH,Private,4 Year,11320.0,36040,47360,36040,47360,51200,94300,57.0,45
285,299,1395,Marquette University,Wisconsin,WI,Private,4 Year,12720.0,41870,54590,41870,54590,57800,105900,52.0,25
286,300,1397,Marshall University,West Virginia,WV,Public,4 Year,10450.0,8128,18578,18614,29064,45000,79700,50.0,12
287,301,1405,Maryland Institute College of Art,Maryland,MD,Private,4 Year,13280.0,48630,61910,48630,61910,49000,84500,40.0,0
288,303,1409,Marymount University,Virginia,VA,Private,4 Year,13190.0,31466,44656,31466,44656,52300,93100,44.0,15
289,304,1410,Maryville College,Tennessee,TN,Private,4 Year,11424.0,34880,46304,34880,46304,42800,75300,68.0,16
290,305,1411,Maryville University of Saint Louis,Missouri,MO,Private,4 Year,10088.0,28470,38558,28470,38558,46800,80100,53.0,2
291,306,1416,Massachusetts Institute of Technology,Massachusetts,MA,Private,4 Year,15510.0,51832,67342,51832,67342,86300,155200,52.0,69
292,307,1417,Massachusetts Maritime Academy,Massachusetts,MA,Public,4 Year,12675.0,9724,22399,26102,38777,67900,117500,53.0,47
293,308,1421,Mayville State University,North Dakota,ND,Public,4 Year,7840.0,6666,14506,9399,17239,43700,81300,44.0,10
294,309,1422,McDaniel College,Maryland,MD,Private,4 Year,11430.0,43260,54690,43260,54690,51100,94600,54.0,6
295,310,1429,McNeese State University,Louisiana,LA,Public,4 Year,8704.0,7859,16563,18934,27638,50200,88200,57.0,13
296,311,1430,McPherson College,Kansas,KS,Private,4 Year,8788.0,28951,37739,28951,37739,44500,80900,59.0,9
297,312,1431,MCPHS University,Massachusetts,MA,Private,4 Year,16400.0,32705,49105,32705,49105,65900,121800,71.0,2
298,313,1434,Medical University of South Carolina,South Carolina,SC,Public,4 Year,,26826,26826,26826,26826,54800,92700,88.0,6
299,314,1437,Menlo College,California,CA,Private,4 Year,14225.0,42800,57025,42800,57025,61900,112400,59.0,0
300,315,1440,Mercer University,Georgia,GA,Private,4 Year,11616.0,36894,48510,36894,48510,48500,85100,62.0,14
301,316,1447,Merrimack College,Massachusetts,MA,Private,4 Year,15845.0,41760,57605,41760,57605,56000,102500,50.0,13
302,317,1454,Methodist College,Illinois,IL,Private,4 Year,7440.0,20800,28240,20800,28240,51400,90500,,0
303,318,1455,Methodist University,North Carolina,NC,Private,4 Year,12890.0,33846,46736,33846,46736,45800,80500,58.0,9
304,319,1459,Metropolitan State University,Minnesota,MN,Public,4 Year,,7879,7879,14980,14980,50200,85900,53.0,11
305,320,1460,Metropolitan State University of Denver,Colorado,CO,Public,4 Year,,7665,7665,20847,20847,49400,87200,51.0,11
306,321,1466,Michigan State University,Michigan,MI,Public,4 Year,10322.0,14460,24782,39765,50087,55300,100800,46.0,20
307,322,1467,Michigan Technological University,Michigan,MI,Public,4 Year,10756.0,15646,26402,33726,44482,65000,116300,47.0,81
308,323,1469,Mid-America Christian University,Oklahoma,OK,Private,4 Year,8036.0,18334,26370,18334,26370,40700,74100,71.0,0
309,324,1474,MidAmerica Nazarene University,Kansas,KS,Private,4 Year,8708.0,30736,39444,30736,39444,46200,78500,60.0,1
310,325,1475,Middle Georgia State University,Georgia,GA,Public,4 Year,9080.0,4608,13688,13568,22648,44000,79800,57.0,11
311,326,1476,Middle Tennessee State University,Tennessee,TN,Public,4 Year,9436.0,9206,18642,28364,37800,46500,81100,52.0,9
312,327,1477,Middlebury College,Vermont,VT,Private,4 Year,15530.0,54450,69980,54450,69980,60400,109800,54.0,19
313,328,1482,Midland University,Nebraska,NE,Private,4 Year,8776.0,32558,41334,32558,41334,43800,78100,60.0,7
314,329,1485,Midway University,Kentucky,KY,Private,4 Year,8480.0,24650,33130,24650,33130,39200,70300,53.0,3
315,330,1490,Miles College,Alabama,AL,Private,4 Year,7042.0,11604,18646,11604,18646,34800,65100,64.0,19
316,332,1496,Millsaps College,Mississippi,MS,Private,4 Year,13730.0,39910,53640,39910,53640,49300,88700,56.0,24
317,333,1499,Milwaukee School of Engineering,Wisconsin,WI,Private,4 Year,10389.0,40749,51138,40749,51138,65700,117600,50.0,69
318,334,1501,Minneapolis College of Art and Design,Minnesota,MN,Private,4 Year,5610.0,39210,44820,39210,44820,47400,84700,39.0,0
319,335,1508,Minot State University,North Dakota,ND,Public,4 Year,6610.0,7064,13674,7064,13674,44500,74100,55.0,7
320,336,1513,Mississippi College,Mississippi,MS,Private,4 Year,10300.0,18026,28326,18026,28326,45200,79500,57.0,20
321,337,1516,Mississippi State University,Mississippi,MS,Public,4 Year,10090.0,8760,18850,23360,33450,51100,94100,57.0,27
322,338,1517,Mississippi University for Women,Mississippi,MS,Public,4 Year,7424.0,7040,14464,7040,14464,39500,69500,63.0,2
323,339,1518,Mississippi Valley State University,Mississippi,MS,Public,4 Year,8043.0,6570,14613,6570,14613,32500,61900,70.0,11
324,340,1523,Missouri University of Science and Technology,Missouri,MO,Public,4 Year,10274.0,10169,20443,28499,38773,67300,122600,50.0,80
325,341,1525,Missouri Western State University,Missouri,MO,Public,4 Year,,6466,6466,14137,14137,43400,77700,53.0,14
326,342,1535,Monmouth University,New Jersey,NJ,Private,4 Year,13981.0,38138,52119,38138,52119,52200,93200,44.0,13
327,343,1540,Montana State University,Montana,MT,Public,4 Year,10100.0,7421,17521,24849,34949,53700,96200,54.0,31
328,345,1545,Montclair State University,New Jersey,NJ,Public,4 Year,15564.0,12790,28354,20578,36142,50800,95400,42.0,9
329,346,1558,Morehead State University,Kentucky,KY,Public,4 Year,9960.0,9170,19130,13646,23606,41300,74900,56.0,9
330,347,1559,Morehouse College,Georgia,GA,Private,4 Year,13438.0,27574,41012,27574,41012,55700,98700,58.0,26
331,349,1570,Mount Carmel College of Nursing,Ohio,OH,Private,4 Year,5000.0,13907,18907,13907,18907,56600,99700,78.0,0
332,351,1575,Mount Mercy University,Iowa,IA,Private,4 Year,9534.0,31798,41332,31798,41332,47200,79000,51.0,4
333,352,1581,Mount St. Mary's University,Maryland,MD,Private,4 Year,13075.0,41350,54425,41350,54425,50200,94100,50.0,11
334,353,1589,Muhlenberg College,Pennsylvania,PA,Private,4 Year,11765.0,52595,64360,52595,64360,53400,101900,43.0,20
335,354,1590,Multnomah University,Oregon,OR,Private,4 Year,8870.0,25900,34770,25900,34770,40500,76400,82.0,0
336,355,1592,Murray State University,Kentucky,KY,Public,4 Year,9190.0,9084,18274,24540,33730,44800,79900,56.0,9
337,356,1611,Nazarene Bible College,Colorado,CO,Private,4 Year,,14700,14700,14700,14700,33600,60100,,0
338,357,1617,Nebraska Wesleyan University,Nebraska,NE,Private,4 Year,9622.0,34202,43824,34202,43824,45700,80500,60.0,8
339,358,1624,New College of Florida,Florida,FL,Public,4 Year,9264.0,6919,16183,29944,39208,47300,86500,40.0,4
340,359,1625,New England College,New Hampshire,NH,Private,4 Year,14222.0,37914,52136,37914,52136,45700,86400,43.0,24
341,360,1628,New England Institute of Technology,Rhode Island,RI,Private,4 Year,13065.0,29940,43005,29940,43005,51700,93200,44.0,14
342,361,1631,New Jersey City University,New Jersey,NJ,Public,4 Year,12738.0,12051,24789,21573,34311,48700,87600,55.0,9
343,362,1632,New Jersey Institute of Technology,New Jersey,NJ,Public,4 Year,13600.0,17338,30938,32750,46350,64600,121300,51.0,75
344,363,1633,New Mexico Highlands University,New Mexico,NM,Public,4 Year,7872.0,6150,14022,10302,18174,40400,73800,63.0,4
345,364,1634,New Mexico Institute of Mining and Technology,New Mexico,NM,Public,4 Year,8510.0,7770,16280,22268,30778,64700,120400,61.0,91
346,365,1641,New Orleans Baptist Theological Seminary,Louisiana,LA,Private,4 Year,2625.0,7775,10400,7775,10400,33900,61500,,0
347,366,1647,New York University,New York,NY,Private,4 Year,18156.0,51828,69984,51828,69984,63100,117700,42.0,18
348,367,1648,Newberry College,South Carolina,SC,Private,4 Year,10666.0,26424,37090,26424,37090,41200,74700,54.0,14
349,368,1650,Newman University,Kansas,KS,Private,4 Year,8326.0,30724,39050,30724,39050,48000,88500,66.0,11
350,369,1654,Nicholls State University,Louisiana,LA,Public,4 Year,9938.0,7982,17920,9075,19013,44500,84300,53.0,5
351,370,1664,North Carolina Wesleyan College,North Carolina,NC,Private,4 Year,10800.0,31000,41800,31000,41800,45300,78800,62.0,8
352,371,1665,North Central College,Illinois,IL,Private,4 Year,11019.0,38880,49899,38880,49899,50400,92900,45.0,9
353,372,1698,Northeastern State University,Oklahoma,OK,Public,4 Year,7638.0,6650,14288,14720,22358,44500,77600,58.0,7
354,373,1700,Northeastern University,Massachusetts,MA,Private,4 Year,16880.0,51387,68267,51387,68267,62500,109700,46.0,40
355,374,1701,Northern Arizona University,Arizona,AZ,Public,4 Year,10282.0,11564,21846,25828,36110,49600,90000,56.0,12
356,375,1703,Northern Illinois University,Illinois,IL,Public,4 Year,10880.0,12262,23142,12262,23142,53000,95500,47.0,20
357,376,1704,Northern Kentucky University,Kentucky,KY,Public,4 Year,10022.0,10032,20054,19680,29702,49000,87400,46.0,12
358,377,1709,Northern State University,South Dakota,SD,Public,4 Year,8029.0,8498,16527,11471,19500,42300,77700,56.0,7
359,379,1725,Northwest Missouri State University,Missouri,MO,Public,4 Year,10016.0,9805,19821,16457,26473,46900,85100,50.0,26
360,380,1726,Northwest Nazarene University,Idaho,ID,Private,4 Year,7400.0,29300,36700,29300,36700,46200,80600,68.0,7
361,381,1730,Northwest University,Washington,WA,Private,4 Year,8630.0,31540,40170,31540,40170,50900,89000,51.0,3
362,382,1733,Northwestern College,Iowa,IA,Private,4 Year,9200.0,31100,40300,31100,40300,44800,82400,42.0,11
363,382,1733,Northwestern College,Iowa,IA,Private,4 Year,9200.0,31100,40300,31100,40300,44800,82400,42.0,11
364,383,1734,Northwestern College,Illinois,IL,For Profit,2 Year,12402.0,18485,30887,18485,30887,44800,82400,42.0,11
365,383,1734,Northwestern College,Illinois,IL,For Profit,2 Year,12402.0,18485,30887,18485,30887,44800,82400,42.0,11
366,384,1738,Northwestern Oklahoma State University,Oklahoma,OK,Public,4 Year,4780.0,7036,11816,14153,18933,42200,76800,55.0,11
367,385,1741,Northwestern University,Illinois,IL,Private,4 Year,16626.0,54567,71193,54567,71193,63400,115400,46.0,20
368,386,1744,Norwich University,Vermont,VT,Private,4 Year,13840.0,40016,53856,40016,53856,57000,99100,51.0,20
369,387,1748,Notre Dame of Maryland University,Maryland,MD,Private,4 Year,11850.0,36900,48750,36900,48750,48300,86400,58.0,3
370,388,1749,Nova Southeastern University,Florida,FL,Private,4 Year,13250.0,30900,44150,30900,44150,50200,89800,60.0,9
371,389,1757,Oakland University,Michigan,MI,Public,4 Year,10100.0,12606,22706,24230,34330,51300,93300,49.0,19
372,390,1759,Oakwood University,Alabama,AL,Private,4 Year,9312.0,16720,26032,16720,26032,43500,78800,71.0,16
373,391,1760,Oberlin College,Ohio,OH,Private,4 Year,16338.0,55054,71392,55054,71392,53100,96800,47.0,21
374,392,1765,Oglethorpe University,Georgia,GA,Private,4 Year,13200.0,38100,51300,38100,51300,52400,91400,50.0,12
375,393,1768,Ohio Northern University,Ohio,OH,Private,4 Year,11650.0,32260,43910,32260,43910,54400,103900,49.0,22
376,394,1782,Ohio Valley University,West Virginia,WV,Private,4 Year,7980.0,21900,29880,21900,29880,38800,71100,81.0,1
377,395,1783,Ohio Wesleyan University,Ohio,OH,Private,4 Year,12430.0,45760,58190,45760,58190,51300,99200,46.0,21
378,396,1786,Oklahoma Baptist University,Oklahoma,OK,Private,4 Year,7350.0,28258,35608,28258,35608,43900,76600,62.0,8
379,397,1787,Oklahoma Christian University,Oklahoma,OK,Private,4 Year,8190.0,22760,30950,22760,30950,49700,87900,57.0,41
380,398,1789,Oklahoma City University,Oklahoma,OK,Private,4 Year,8896.0,31026,39922,31026,39922,47700,87900,58.0,9
381,399,1790,Oklahoma Panhandle State University,Oklahoma,OK,Public,4 Year,4695.0,8194,12889,9133,13828,42300,74400,54.0,10
382,400,1794,Oklahoma Wesleyan University,Oklahoma,OK,Private,4 Year,8644.0,26956,35600,26956,35600,43300,78700,58.0,1
383,401,1795,Old Dominion University,Virginia,VA,Public,4 Year,11620.0,10872,22492,29772,41392,50200,89900,52.0,19
384,402,1800,Oral Roberts University,Oklahoma,OK,Private,4 Year,9450.0,27728,37178,27728,37178,45900,85100,59.0,8
385,403,1805,Oregon Health & Science University,Oregon,OR,Public,4 Year,,19176,19176,33666,33666,65400,108300,79.0,10
386,404,1806,Oregon Institute of Technology,Oregon,OR,Public,4 Year,9058.0,9987,19045,28056,37114,61200,106800,60.0,27
387,405,1807,Oregon State University,Oregon,OR,Public,4 Year,12855.0,11166,24021,30141,42996,56200,104800,53.0,34
388,406,1813,Ouachita Baptist University,Arkansas,AR,Private,4 Year,7880.0,26790,34670,26790,34670,44100,80200,58.0,18
389,407,1824,Pacific Lutheran University,Washington,WA,Private,4 Year,10790.0,42066,52856,42066,52856,54500,98100,53.0,20
390,408,1825,Pacific Northwest College of Art,Oregon,OR,Private,4 Year,12860.0,38250,51110,38250,51110,46300,85000,,0
391,409,1829,Pacific University,Oregon,OR,Private,4 Year,12528.0,44298,56826,44298,56826,50200,94000,66.0,8
392,410,1841,Park University,Missouri,MO,Private,4 Year,8200.0,12650,20850,12650,20850,48500,85000,56.0,7
393,411,1885,Peru State College,Nebraska,NE,Public,4 Year,8010.0,7452,15462,7482,15492,42600,74800,50.0,6
394,412,1886,Pfeiffer University,North Carolina,NC,Private,4 Year,11226.0,30234,41460,30234,41460,44200,78000,51.0,4
395,413,1887,Philander Smith College,Arkansas,AR,Private,4 Year,8250.0,12414,20664,12414,20664,34600,61200,,26
396,414,1905,Pittsburg State University,Kansas,KS,Public,4 Year,7778.0,7298,15076,18642,26420,47100,84900,51.0,8
397,415,1909,Plymouth State University,New Hampshire,NH,Public,4 Year,11100.0,14099,25199,22769,33869,47000,82200,50.0,6
398,416,1914,Pomona College,California,CA,Private,4 Year,16716.0,52780,69496,52780,69496,63800,117200,47.0,37
399,417,1919,Portland State University,Oregon,OR,Public,4 Year,10428.0,9105,19533,27060,37488,50800,90500,48.0,16
400,419,1926,Presbyterian College,South Carolina,SC,Private,4 Year,10480.0,38660,49140,38660,49140,48800,89900,57.0,14
401,420,1927,Prescott College,Arizona,AZ,Private,4 Year,7700.0,31485,39185,31485,39185,41200,73500,69.0,0
402,421,1930,Princeton University,New Jersey,NJ,Private,4 Year,16290.0,49330,65620,49330,65620,75200,139400,48.0,48
403,422,1931,Principia College,Illinois,IL,Private,4 Year,11610.0,29470,41080,29470,41080,52600,94900,56.0,19
404,423,1933,Providence College,Rhode Island,RI,Private,4 Year,14700.0,50390,65090,50390,65090,58900,106900,44.0,11
405,424,1937,Queens University of Charlotte,North Carolina,NC,Private,4 Year,10860.0,34684,45544,34684,45544,49400,86600,48.0,9
406,425,1941,Quinnipiac University,Connecticut,CT,Private,4 Year,14540.0,47960,62500,47960,62500,55900,97700,46.0,10
407,426,1952,Radford University,Virginia,VA,Public,4 Year,9406.0,11210,20616,22845,32251,48900,82900,53.0,10
408,427,1954,Ramapo College of New Jersey,New Jersey,NJ,Public,4 Year,12450.0,14374,26824,23715,36165,51600,95200,41.0,12
409,428,1956,Randolph College,Virginia,VA,Private,4 Year,13580.0,39585,53165,39585,53165,47000,86100,50.0,23
410,429,1966,Reed College,Oregon,OR,Private,4 Year,14210.0,56340,70550,56340,70550,56100,104900,44.0,26
411,430,1971,Regis University,Colorado,CO,Private,4 Year,11560.0,36810,48370,36810,48370,55500,94800,58.0,13
412,431,1974,Rensselaer Polytechnic Institute,New York,NY,Private,4 Year,15260.0,53880,69140,53880,69140,71300,134100,49.0,78
413,432,1979,Rhode Island College,Rhode Island,RI,Public,4 Year,11829.0,8929,20758,21692,33521,47200,83500,52.0,5
414,433,1980,Rhode Island School of Design,Rhode Island,RI,Private,4 Year,13400.0,50960,64360,50960,64360,55500,100600,39.0,0
415,434,1981,Rhodes College,Tennessee,TN,Private,4 Year,11403.0,47890,59293,47890,59293,51900,97800,46.0,25
416,435,1982,Rice University,Texas,TX,Private,4 Year,14000.0,47350,61350,47350,61350,71000,129500,50.0,45
417,436,1987,Rider University,New Jersey,NJ,Private,4 Year,14700.0,41310,56010,41310,56010,51600,99000,47.0,5
418,437,1992,Ripon College,Wisconsin,WI,Private,4 Year,8400.0,43808,52208,43808,52208,46300,89600,60.0,26
419,438,1997,Rivier University,New Hampshire,NH,Private,4 Year,12526.0,31790,44316,31790,44316,49500,85100,58.0,41
420,439,1999,Roanoke College,Virginia,VA,Private,4 Year,13690.0,44030,57720,44030,57720,48500,85100,53.0,18
421,440,2010,Rockhurst University,Missouri,MO,Private,4 Year,10200.0,37590,47790,37590,47790,54000,92500,59.0,11
422,441,2013,Rocky Mountain College,Montana,MT,Private,4 Year,8330.0,28512,36842,28512,36842,46000,82900,59.0,12
423,442,2014,Roger Williams University,Rhode Island,RI,Private,4 Year,15890.0,34522,50412,34522,50412,52900,92700,48.0,12
424,443,2015,Rogers State University,Oklahoma,OK,Public,4 Year,8616.0,6870,15486,15210,23826,41400,73800,48.0,11
425,444,2017,Rollins College,Florida,FL,Private,4 Year,14735.0,49760,64495,49760,64495,49000,87000,53.0,7
426,445,2020,Rose-Hulman Institute of Technology,Indiana,IN,Private,4 Year,14766.0,49871,64637,49871,64637,75000,135800,51.0,96
427,446,2027,Rowan University,New Jersey,NJ,Public,4 Year,12552.0,13697,26249,22339,34891,51100,91200,43.0,21
428,447,2030,Rush University,Illinois,IL,Private,4 Year,,24900,24900,24900,24900,63500,107600,88.0,6
429,448,2031,Rust College,Mississippi,MS,Private,4 Year,4300.0,9900,14200,9900,14200,34800,62400,76.0,32
430,449,2037,Sacred Heart University,Connecticut,CT,Private,4 Year,15310.0,41420,56730,41420,56730,55000,100500,46.0,15
431,450,2041,Saginaw Valley State University,Michigan,MI,Public,4 Year,10186.0,10308,20494,24215,34401,46400,82200,54.0,12
432,451,2042,Saint Anselm College,New Hampshire,NH,Private,4 Year,14500.0,41200,55700,41200,55700,56400,100300,59.0,11
433,452,2046,Saint Cloud State University,Minnesota,MN,Public,4 Year,8900.0,8912,17812,17146,26046,51600,91600,50.0,15
434,453,2049,Saint Joseph's College of Maine,Maine,ME,Private,4 Year,13680.0,35650,49330,35650,49330,46900,84300,60.0,2
435,454,2050,Saint Joseph's University,Pennsylvania,PA,Private,4 Year,14840.0,44973,59813,44973,59813,57300,105100,41.0,6
436,455,2052,Saint Louis University,Missouri,MO,Private,4 Year,12290.0,43884,56174,43884,56174,54200,95300,56.0,13
437,456,2054,Saint Martin's University,Washington,WA,Private,4 Year,11445.0,37356,48801,37356,48801,53200,91800,60.0,29
438,457,2055,Saint Mary's College,Indiana,IN,Private,4 Year,12580.0,42220,54800,42220,54800,49700,89300,54.0,15
439,458,2056,Saint Mary's College of California,California,CA,Private,4 Year,15370.0,47280,62650,47280,62650,59900,110800,51.0,5
440,459,2057,Saint Michael's College,Vermont,VT,Private,4 Year,12220.0,45375,57595,45375,57595,52900,98500,40.0,18
441,460,2058,Saint Peter's University,New Jersey,NJ,Private,4 Year,15414.0,37486,52900,37486,52900,52900,95900,35.0,14
442,461,2060,Saint Xavier University,Illinois,IL,Private,4 Year,11340.0,33880,45220,33880,45220,49400,91200,60.0,10
443,462,2065,Salisbury University,Maryland,MD,Public,4 Year,11950.0,9824,21774,19526,31476,50400,89800,51.0,12
444,463,2068,Salve Regina University,Rhode Island,RI,Private,4 Year,14500.0,40550,55050,40550,55050,53000,93900,50.0,6
445,464,2070,Samford University,Alabama,AL,Private,4 Year,10550.0,31650,42200,31650,42200,48400,90500,52.0,3
446,465,2085,San Jose State University,California,CA,Public,4 Year,16442.0,7796,24238,17300,33742,63000,114700,53.0,28
447,466,2090,Santa Clara University,California,CA,Private,4 Year,14910.0,51711,66621,51711,66621,69900,134700,44.0,29
448,467,2098,Savannah College of Art and Design,Georgia,GA,Private,4 Year,14550.0,36630,51180,36630,51180,46800,80100,34.0,3
449,468,2113,Seattle Pacific University,Washington,WA,Private,4 Year,11796.0,42939,54735,42939,54735,53600,103400,52.0,9
450,469,2114,Seattle University,Washington,WA,Private,4 Year,12288.0,44610,56898,44610,56898,60600,113700,59.0,12
451,470,2119,Seton Hall University,New Jersey,NJ,Private,4 Year,15800.0,42470,58270,42470,58270,57100,103800,45.0,8
452,471,2129,Shenandoah University,Virginia,VA,Private,4 Year,10370.0,32530,42900,32530,42900,48700,86600,57.0,7
453,472,2130,Shepherd University,West Virginia,WV,Public,4 Year,10500.0,7548,18048,18048,28548,47100,87100,48.0,12
454,473,2136,Shorter University,Georgia,GA,Private,4 Year,9400.0,22370,31770,22370,31770,45600,79900,55.0,6
455,475,2144,Simpson College,Iowa,IA,Private,4 Year,8380.0,39144,47524,39144,47524,49900,88600,47.0,17
456,476,2154,Smith College,Massachusetts,MA,Private,4 Year,17520.0,52404,69924,52404,69924,52700,98200,51.0,26
457,477,2162,South Carolina State University,South Carolina,SC,Public,4 Year,9890.0,11060,20950,21750,31640,44500,80800,71.0,16
458,478,2166,South Dakota School of Mines and Technology,South Dakota,SD,Public,4 Year,8440.0,9779,18219,14021,22461,66500,118500,58.0,92
459,479,2167,South Dakota State University,South Dakota,SD,Public,4 Year,7896.0,8764,16660,12128,20024,50500,91900,58.0,18
460,480,2182,Southeast Missouri State University,Missouri,MO,Public,4 Year,8935.0,7418,16353,13155,22090,43700,79100,52.0,9
461,481,2188,Southeastern Louisiana University,Louisiana,LA,Public,4 Year,8420.0,8165,16585,20643,29063,46700,83900,51.0,8
462,482,2189,Southeastern Oklahoma State University,Oklahoma,OK,Public,4 Year,6970.0,6750,13720,15390,22360,45000,80500,53.0,15
463,483,2192,Southern Adventist University,Tennessee,TN,Private,4 Year,6940.0,21950,28890,21950,28890,47500,84000,67.0,9
464,484,2199,Southern Connecticut State University,Connecticut,CT,Public,4 Year,12860.0,10875,23735,22115,34975,48500,83600,51.0,6
465,485,2204,Southern Methodist University,Texas,TX,Private,4 Year,16845.0,54493,71338,54493,71338,59700,110400,46.0,22
466,486,2205,Southern Nazarene University,Oklahoma,OK,Private,4 Year,8496.0,25188,33684,25188,33684,46100,81000,62.0,5
467,487,2206,Southern New Hampshire University,New Hampshire,NH,Private,4 Year,13120.0,31136,44256,31136,44256,47400,83400,49.0,8
468,488,2207,Southern Oregon University,Oregon,OR,Public,4 Year,13199.0,9654,22853,25584,38783,46000,81200,54.0,6
469,489,2212,Southern University at New Orleans,Louisiana,LA,Public,4 Year,9040.0,9371,18411,11160,20200,40100,71000,76.0,13
470,490,2214,Southern Utah University,Utah,UT,Public,4 Year,7090.0,6769,13859,20585,27675,46400,84400,65.0,7
471,492,2217,Southern Wesleyan University,South Carolina,SC,Private,4 Year,9030.0,25476,34506,25476,34506,42900,74600,52.0,5
472,493,2239,Southwestern Oklahoma State University,Oklahoma,OK,Public,4 Year,5830.0,7035,12865,13935,19765,47900,90800,58.0,5
473,494,2241,Southwestern University,Texas,TX,Private,4 Year,12000.0,42000,54000,42000,54000,51800,93500,51.0,19
474,495,2242,Spalding University,Kentucky,KY,Private,4 Year,7600.0,24500,32100,24500,32100,44800,79200,71.0,0
475,496,2245,Spelman College,Georgia,GA,Private,4 Year,13865.0,29314,43179,29314,43179,50200,85400,52.0,24
476,497,2250,Spring Hill College,Alabama,AL,Private,4 Year,13462.0,39464,52926,39464,52926,46600,89100,53.0,12
477,498,2269,St. John's College,Illinois,IL,Private,4 Year,,23695,23695,23695,23695,55900,101200,,0
478,498,2269,St. John's College,Illinois,IL,Private,4 Year,,23695,23695,23695,23695,55900,101200,,0
479,499,2270,St. John's College,Maryland,MD,Private,4 Year,12602.0,53218,65820,53218,65820,55900,101200,,0
480,499,2270,St. John's College,Maryland,MD,Private,4 Year,12602.0,53218,65820,53218,65820,55900,101200,,0
481,500,2271,St. John's College,New Mexico,NM,Private,4 Year,12148.0,54118,66266,54118,66266,55900,101200,,0
482,500,2271,St. John's College,New Mexico,NM,Private,4 Year,12148.0,54118,66266,54118,66266,55900,101200,,0
483,501,2285,St. Mary's University,Texas,TX,Private,4 Year,10270.0,30650,40920,30650,40920,52900,95300,61.0,17
484,502,2296,Stanford University,California,CA,Private,4 Year,15763.0,51354,67117,51354,67117,79000,145200,56.0,51
485,503,2303,Stephens College,Missouri,MO,Private,4 Year,10632.0,30950,41582,30950,41582,42800,77200,47.0,6
486,504,2304,Sterling College,Vermont,VT,Private,4 Year,9900.0,38800,48700,38800,48700,42700,79100,73.0,7
487,504,2304,Sterling College,Vermont,VT,Private,4 Year,9900.0,38800,48700,38800,48700,42700,79100,73.0,7
488,505,2305,Sterling College,Kansas,KS,Private,4 Year,8280.0,26000,34280,26000,34280,42700,79100,73.0,7
489,505,2305,Sterling College,Kansas,KS,Private,4 Year,8280.0,26000,34280,26000,34280,42700,79100,73.0,7
490,506,2306,Stetson University,Florida,FL,Private,4 Year,13052.0,46030,59082,46030,59082,47000,86000,44.0,7
491,507,2308,Stevens Institute of Technology,New Jersey,NJ,Private,4 Year,15244.0,52202,67446,52202,67446,75100,139900,47.0,79
492,508,2309,Stevenson University,Maryland,MD,Private,4 Year,13130.0,36182,49312,36182,49312,50400,91600,51.0,15
493,509,2311,Stockton University,New Jersey,NJ,Public,4 Year,12282.0,13739,26021,20866,33148,47400,85800,49.0,16
494,510,2313,Stonehill College,Massachusetts,MA,Private,4 Year,16000.0,42746,58746,42746,58746,55900,103200,42.0,18
495,512,2342,SUNY Maritime College,New York,NY,Public,4 Year,12522.0,8283,20805,18063,30585,74900,140700,53.0,32
496,513,2352,Swarthmore College,Pennsylvania,PA,Private,4 Year,15474.0,52588,68062,52588,68062,67500,123200,44.0,45
497,514,2355,Tabor College,Kansas,KS,Private,4 Year,9850.0,28245,38095,28245,38095,43300,77500,62.0,7
498,515,2367,Taylor University,Indiana,IN,Private,4 Year,9614.0,34114,43728,34114,43728,48700,90600,59.0,16
499,516,2373,Tennessee State University,Tennessee,TN,Public,4 Year,7806.0,8008,15814,21364,29170,47200,78400,68.0,14
500,517,2374,Tennessee Technological University,Tennessee,TN,Public,4 Year,9736.0,9103,18839,25759,35495,53100,95100,48.0,28
501,519,2384,Texas Christian University,Texas,TX,Private,4 Year,12804.0,46950,59754,46950,59754,56000,98700,51.0,9
502,520,2391,Texas Tech University,Texas,TX,Public,4 Year,9530.0,11045,20575,23495,33025,56800,106500,54.0,22
503,521,2392,Texas Tech University Health Sciences Center,Texas,TX,Public,4 Year,,7911,7911,20361,20361,61300,104900,86.0,3
504,522,2397,The College of New Jersey,New Jersey,NJ,Public,4 Year,13617.0,16551,30168,28266,41883,58200,101800,44.0,16
505,523,2399,The King's University,Texas,TX,Private,4 Year,,15000,15000,15000,15000,63800,116500,33.0,0
506,524,2406,Thomas College,Maine,ME,Private,4 Year,11250.0,26900,38150,26900,38150,46100,81500,49.0,3
507,525,2407,Thomas Edison State University,New Jersey,NJ,Public,4 Year,,7519,7519,9967,9967,52500,95600,54.0,0
508,527,2410,Thomas More College of Liberal Arts,New Hampshire,NH,Private,4 Year,9700.0,21600,31300,21600,31300,48900,88300,,0
509,528,2422,Tougaloo College,Mississippi,MS,Private,4 Year,6643.0,10790,17433,10790,17433,36900,66400,69.0,18
510,529,2425,Towson University,Maryland,MD,Public,4 Year,13034.0,9940,22974,23208,36242,51200,91200,47.0,15
511,530,2426,Transylvania University,Kentucky,KY,Private,4 Year,10460.0,38750,49210,38750,49210,47900,85600,51.0,25
512,531,2428,Trevecca Nazarene University,Tennessee,TN,Private,4 Year,8400.0,25598,33998,25598,33998,45300,81700,65.0,5
513,532,2434,Trine University,Indiana,IN,Private,4 Year,10810.0,32175,42985,32175,42985,55100,100300,56.0,26
514,533,2439,Trinity College,Connecticut,CT,Private,4 Year,14750.0,56910,71660,56910,71660,60100,110900,49.0,22
515,534,2443,Trinity University,Texas,TX,Private,4 Year,13464.0,42976,56440,42976,56440,54900,102900,46.0,27
516,535,2448,Troy University,Alabama,AL,Public,4 Year,8185.0,12460,20645,22875,31060,44500,81500,60.0,8
517,536,2451,Truman State University,Missouri,MO,Public,4 Year,8780.0,7729,16509,14581,23361,47900,85800,48.0,16
518,537,2452,Tufts University,Massachusetts,MA,Private,4 Year,14560.0,56382,70942,56382,70942,65200,118100,49.0,25
519,538,2458,Tuskegee University,Alabama,AL,Private,4 Year,9650.0,22170,31820,22170,31820,54500,93500,61.0,30
520,539,2468,Union University,Tennessee,TN,Private,4 Year,10200.0,32890,43090,32890,43090,46400,83000,59.0,6
521,540,2472,Unity College,Maine,ME,Private,4 Year,10710.0,29160,39870,29160,39870,38200,69500,,23
522,541,2483,University of Alabama at Birmingham,Alabama,AL,Public,4 Year,6400.0,10710,17110,24630,31030,48600,87200,57.0,17
523,542,2484,University of Alabama in Huntsville,Alabama,AL,Public,4 Year,10094.0,10714,20808,22362,32456,57500,103900,59.0,45
524,543,2485,University of Alaska Anchorage,Alaska,AK,Public,4 Year,12200.0,7688,19888,23858,36058,56000,101000,57.0,10
525,544,2486,University of Alaska Fairbanks,Alaska,AK,Public,4 Year,8930.0,8087,17017,24257,33187,59100,101800,54.0,20
526,545,2489,University of Arizona,Arizona,AZ,Public,4 Year,12550.0,12487,25037,36386,48936,56100,101000,51.0,23
527,546,2490,University of Arkansas,Arkansas,AR,Public,4 Year,11020.0,9130,20150,25168,36188,52500,98000,49.0,18
528,547,2492,University of Arkansas at Little Rock,Arkansas,AR,Public,4 Year,8930.0,8966,17896,21206,30136,45600,80800,55.0,13
529,548,2493,University of Arkansas at Monticello,Arkansas,AR,Public,4 Year,6824.0,7696,14520,13546,20370,43500,78300,61.0,2
530,549,2494,University of Arkansas at Pine Bluff,Arkansas,AR,Public,4 Year,7881.0,7842,15723,14094,21975,40500,70500,67.0,22
531,550,2496,University of Arkansas for Medical Sciences,Arkansas,AR,Public,4 Year,,8197,8197,15973,15973,51700,89100,84.0,3
532,551,2501,University of Baltimore,Maryland,MD,Public,4 Year,,8958,8958,21076,21076,51000,89600,56.0,2
533,552,2502,University of Bridgeport,Connecticut,CT,Private,4 Year,13860.0,32850,46710,32850,46710,49900,93600,59.0,31
534,553,2512,University of Central Arkansas,Arkansas,AR,Public,4 Year,6854.0,8751,15605,15274,22128,44900,79800,52.0,8
535,554,2513,University of Central Florida,Florida,FL,Public,4 Year,9617.0,6368,15985,22467,32084,49700,88600,50.0,16
536,555,2514,University of Central Missouri,Missouri,MO,Public,4 Year,8766.0,7673,16439,14442,23208,46900,83300,54.0,45
537,556,2515,University of Central Oklahoma,Oklahoma,OK,Public,4 Year,7970.0,7488,15458,18376,26346,45300,82900,56.0,8
538,557,2516,University of Charleston,West Virginia,WV,Private,4 Year,9180.0,30900,40080,30900,40080,44600,81900,51.0,4
539,558,2517,University of Chicago,Illinois,IL,Private,4 Year,16350.0,58230,74580,58230,74580,64000,114200,41.0,22
540,559,2521,University of Colorado Boulder,Colorado,CO,Public,4 Year,14418.0,12532,26950,37286,51704,57800,109900,48.0,39
541,560,2522,University of Colorado Colorado Springs,Colorado,CO,Public,4 Year,10500.0,10463,20963,24893,35393,52200,90900,53.0,21
542,561,2524,University of Connecticut,Connecticut,CT,Public,4 Year,12874.0,15730,28604,38098,50972,59100,105200,48.0,24
543,562,2525,University of Dallas,Texas,TX,Private,4 Year,12400.0,40652,53052,40652,53052,53000,96400,49.0,16
544,563,2526,University of Dayton,Ohio,OH,Private,4 Year,13580.0,42900,56480,42900,56480,57400,105000,44.0,33
545,564,2527,University of Delaware,Delaware,DE,Public,4 Year,12862.0,13680,26542,34310,47172,58600,105400,43.0,22
546,565,2528,University of Denver,Colorado,CO,Private,4 Year,13005.0,50556,63561,50556,63561,55700,105100,48.0,12
547,566,2529,University of Detroit Mercy,Michigan,MI,Private,4 Year,9496.0,28000,37496,28000,37496,51800,92800,57.0,13
548,567,2530,University of Dubuque,Iowa,IA,Private,4 Year,9930.0,34110,44040,34110,44040,44200,79700,48.0,7
549,568,2531,University of Evansville,Indiana,IN,Private,4 Year,12460.0,36416,48876,36416,48876,50300,89900,54.0,17
550,569,2533,University of Florida,Florida,FL,Public,4 Year,10120.0,6381,16501,28658,38778,55800,102800,52.0,29
551,570,2534,University of Georgia,Georgia,GA,Public,4 Year,10038.0,11830,21868,30404,40442,54400,100700,45.0,14
552,571,2536,University of Hartford,Connecticut,CT,Private,4 Year,12476.0,40694,53170,40694,53170,55200,101600,53.0,15
553,572,2537,University of Hawaii at Hilo,Hawaii,HI,Public,4 Year,11406.0,7720,19126,20680,32086,44000,77200,59.0,14
554,573,2538,University of Hawaii at Manoa,Hawaii,HI,Public,4 Year,13689.0,11970,25659,34002,47691,51600,91600,56.0,18
555,574,2547,University of Holy Cross,Louisiana,LA,Private,4 Year,,17300,17300,17300,17300,48400,86300,69.0,3
556,575,2548,University of Houston,Texas,TX,Public,4 Year,10270.0,12506,22776,27956,38226,56000,103900,50.0,24
557,576,2549,University of Houston-Clear Lake,Texas,TX,Public,4 Year,,8500,8500,24731,24731,50700,94800,48.0,29
558,577,2552,University of Idaho,Idaho,ID,Public,4 Year,8880.0,7864,16744,25500,34380,52300,97700,54.0,22
559,580,2556,University of Indianapolis,Indiana,IN,Private,4 Year,10288.0,29688,39976,29688,39976,47300,84500,55.0,5
560,581,2557,University of Iowa,Iowa,IA,Public,4 Year,11172.0,9267,20439,31233,42405,54100,99400,48.0,16
561,582,2558,University of Jamestown,North Dakota,ND,Private,4 Year,7570.0,21976,29546,21976,29546,47600,85400,64.0,11
562,583,2559,University of Kansas,Kansas,KS,Public,4 Year,10350.0,11148,21498,27358,37708,53000,98600,52.0,16
563,584,2561,University of Kentucky,Kentucky,KY,Public,4 Year,12982.0,12245,25227,29099,42081,51700,96400,48.0,19
564,585,2563,University of Louisiana at Lafayette,Louisiana,LA,Public,4 Year,8516.0,10616,19132,24344,32860,48200,92500,52.0,19
565,586,2564,University of Louisiana at Monroe,Louisiana,LA,Public,4 Year,7850.0,8734,16584,20834,28684,48500,92500,65.0,7
566,587,2565,University of Louisville,Kentucky,KY,Public,4 Year,9226.0,11656,20882,27278,36504,49500,87600,50.0,18
567,588,2567,University of Maine,Maine,ME,Public,4 Year,10418.0,11170,21588,30970,41388,52000,95000,50.0,24
568,589,2568,University of Maine at Augusta,Maine,ME,Public,4 Year,,7988,7988,17918,17918,41600,73100,61.0,7
569,590,2569,University of Maine at Farmington,Maine,ME,Public,4 Year,9726.0,9666,19392,19778,29504,41100,71700,64.0,5
570,591,2570,University of Maine at Fort Kent,Maine,ME,Public,4 Year,8220.0,8115,16335,12315,20535,43500,76300,73.0,5
571,592,2571,University of Maine at Machias,Maine,ME,Public,4 Year,8486.0,7840,16326,15100,23586,37100,66200,47.0,13
572,593,2572,University of Maine at Presque Isle,Maine,ME,Public,4 Year,8406.0,8035,16441,12235,20641,39000,70700,58.0,6
573,594,2574,University of Mary,North Dakota,ND,Private,4 Year,6890.0,18720,25610,18720,25610,46400,79100,64.0,3
574,595,2576,University of Mary Washington,Virginia,VA,Public,4 Year,11118.0,12188,23306,27434,38552,54200,98200,49.0,17
575,596,2586,University of Memphis,Tennessee,TN,Public,4 Year,9975.0,9701,19676,21413,31388,47200,85800,55.0,12
576,597,2587,University of Miami,Florida,FL,Private,4 Year,14108.0,50226,64334,50226,64334,56200,99600,48.0,22
577,598,2596,University of Mississippi,Mississippi,MS,Public,4 Year,10696.0,8660,19356,24614,35310,48500,89100,55.0,12
578,599,2601,University of Mobile,Alabama,AL,Private,4 Year,9600.0,22820,32420,22820,32420,40600,74100,77.0,7
579,600,2604,University of Montevallo,Alabama,AL,Public,4 Year,9330.0,12760,22090,25780,35110,38900,70700,49.0,7
580,601,2606,University of Mount Union,Ohio,OH,Private,4 Year,10200.0,31260,41460,31260,41460,48300,88500,41.0,19
581,602,2610,University of Nebraska Medical Center,Nebraska,NE,Public,4 Year,,11558,11558,28898,28898,53400,93000,79.0,6
582,603,2613,University of New England,Maine,ME,Private,4 Year,13990.0,37620,51610,37620,51610,50100,91500,69.0,7
583,604,2615,University of New Hampshire at Manchester,New Hampshire,NH,Public,4 Year,,15265,15265,30635,30635,51900,90900,50.0,32
584,605,2616,University of New Haven,Connecticut,CT,Private,4 Year,15900.0,39270,55170,39270,55170,52100,94800,52.0,25
585,606,2618,University of New Orleans,Louisiana,LA,Public,4 Year,10575.0,9054,19629,13890,24465,49900,91600,55.0,23
586,607,2619,University of North Alabama,Alabama,AL,Public,4 Year,9200.0,10370,19570,18680,27880,43000,75600,61.0,6
587,608,2621,University of North Carolina at Chapel Hill,North Carolina,NC,Public,4 Year,11190.0,8987,20177,35170,46360,55000,100800,49.0,19
588,609,2622,University of North Carolina at Charlotte,North Carolina,NC,Public,4 Year,11100.0,7044,18144,20478,31578,52500,92600,49.0,25
589,610,2626,University of North Carolina School of the Arts,North Carolina,NC,Public,4 Year,9021.0,9358,18379,25501,34522,46400,82400,44.0,0
590,611,2627,University of North Dakota,North Dakota,ND,Public,4 Year,8974.0,8695,17669,20759,29733,53800,96000,54.0,16
591,612,2628,University of North Florida,Florida,FL,Public,4 Year,9976.0,6394,16370,20112,30088,48800,86600,51.0,11
592,613,2629,University of North Georgia,Georgia,GA,Public,4 Year,7876.0,7336,15212,21148,29024,47300,85600,51.0,8
593,614,2632,University of Northern Colorado,Colorado,CO,Public,4 Year,11204.0,9786,20990,21474,32678,47700,87100,52.0,7
594,615,2633,University of Northern Iowa,Iowa,IA,Public,4 Year,8948.0,8938,17886,19480,28428,47100,85300,46.0,8
595,616,2636,University of Notre Dame,Indiana,IN,Private,4 Year,15410.0,53391,68801,53391,68801,67000,130500,45.0,28
596,617,2638,University of Oregon,Oregon,OR,Public,4 Year,12963.0,11898,24861,35478,48441,51800,95800,46.0,13
597,618,2639,University of Pennsylvania,Pennsylvania,PA,Private,4 Year,15616.0,55584,71200,55584,71200,72800,133900,41.0,21
598,619,2640,University of Pikeville,Kentucky,KY,Private,4 Year,7800.0,20950,28750,20950,28750,39000,70700,74.0,11
599,620,2646,University of Portland,Oregon,OR,Private,4 Year,13450.0,45904,59354,45904,59354,58500,104900,52.0,28
600,621,2657,University of Puget Sound,Washington,WA,Private,4 Year,12540.0,49776,62316,49776,62316,54200,101300,45.0,21
601,622,2659,University of Rhode Island,Rhode Island,RI,Public,4 Year,12950.0,14138,27088,30862,43812,54500,99700,50.0,18
602,623,2660,University of Richmond,Virginia,VA,Private,4 Year,12250.0,52610,64860,52610,64860,59800,107500,48.0,13
603,624,2662,University of Rochester,New York,NY,Private,4 Year,15938.0,53926,69864,53926,69864,61100,112700,50.0,32
604,625,2664,University of Saint Joseph,Connecticut,CT,Private,4 Year,11428.0,39173,50601,39173,50601,49900,88800,63.0,9
605,626,2665,University of San Diego,California,CA,Private,4 Year,12980.0,49358,62338,49358,62338,58900,109400,48.0,12
606,627,2666,University of San Francisco,California,CA,Private,4 Year,14830.0,48066,62896,48066,62896,60600,109900,52.0,6
607,628,2667,University of Science and Arts of Oklahoma,Oklahoma,OK,Public,4 Year,6350.0,7215,13565,17565,23915,37300,67400,49.0,11
608,629,2668,University of Scranton,Pennsylvania,PA,Private,4 Year,15182.0,44532,59714,44532,59714,56400,99700,42.0,12
609,630,2669,University of Sioux Falls,South Dakota,SD,Private,4 Year,7350.0,18280,25630,18280,25630,44400,78200,64.0,6
610,631,2670,University of South Alabama,Alabama,AL,Public,4 Year,7620.0,9870,17490,19740,27360,47700,86400,56.0,17
611,632,2679,University of South Dakota,South Dakota,SD,Public,4 Year,8216.0,9061,17277,12425,20641,47500,87900,56.0,8
612,633,2683,University of Southern California,California,CA,Private,4 Year,15395.0,56225,71620,56225,71620,64500,120600,47.0,23
613,634,2685,University of Southern Maine,Maine,ME,Public,4 Year,9450.0,9520,18970,22780,32230,46900,81300,55.0,8
614,635,2686,University of Southern Mississippi,Mississippi,MS,Public,4 Year,9857.0,8734,18591,10734,20591,45100,83900,56.0,11
615,636,2706,University of the Cumberlands,Kentucky,KY,Private,4 Year,9000.0,23000,32000,23000,32000,39800,73800,63.0,8
616,637,2709,University of the Ozarks,Arkansas,AR,Private,4 Year,7400.0,24230,31630,24230,31630,42300,74500,58.0,16
617,638,2711,University of the Sciences,Pennsylvania,PA,Private,4 Year,15938.0,25000,40938,25000,40938,60700,115200,72.0,12
618,639,2715,University of Toledo,Ohio,OH,Public,4 Year,11434.0,9795,21229,19133,30567,51800,92500,52.0,21
619,640,2716,University of Tulsa,Oklahoma,OK,Private,4 Year,11116.0,41509,52625,41509,52625,58700,107200,51.0,36
620,641,2717,University of Utah,Utah,UT,Public,4 Year,10262.0,9222,19484,29215,39477,54800,102600,57.0,22
621,642,2719,University of Vermont,Vermont,VT,Public,4 Year,12462.0,18276,30738,42516,54978,53200,99400,50.0,22
622,643,2725,University of West Alabama,Alabama,AL,Public,4 Year,8116.0,10040,18156,18490,26606,42700,76100,61.0,4
623,644,2727,University of West Georgia,Georgia,GA,Public,4 Year,10918.0,7292,18210,20774,31692,46700,82700,51.0,9
624,645,2730,University of Wisconsin-Eau Claire,Wisconsin,WI,Public,4 Year,7813.0,8820,16633,17096,24909,52100,93600,46.0,14
625,646,2733,University of Wisconsin-La Crosse,Wisconsin,WI,Public,4 Year,6331.0,9106,15437,17924,24255,49600,88300,53.0,19
626,647,2734,University of Wisconsin-Madison,Wisconsin,WI,Public,4 Year,11114.0,10555,21669,36805,47919,57300,104400,48.0,33
627,648,2738,University of Wisconsin-Milwaukee,Wisconsin,WI,Public,4 Year,10728.0,11084,21812,22364,33092,50600,90300,50.0,17
628,649,2739,University of Wisconsin-Oshkosh,Wisconsin,WI,Public,4 Year,7448.0,8820,16268,16393,23841,47700,84300,52.0,10
629,650,2740,University of Wisconsin-Parkside,Wisconsin,WI,Public,4 Year,8026.0,7529,15555,15518,23544,46000,81400,47.0,17
630,651,2741,University of Wisconsin-Platteville,Wisconsin,WI,Public,4 Year,7580.0,7571,15151,15421,23001,56800,100300,50.0,38
631,652,2742,University of Wisconsin-River Falls,Wisconsin,WI,Public,4 Year,6513.0,7862,14375,15435,21948,47100,81300,52.0,14
632,653,2744,University of Wisconsin-Stout,Wisconsin,WI,Public,4 Year,6924.0,9457,16381,17423,24347,50400,89500,47.0,14
633,654,2748,University of Wisconsin-Whitewater,Wisconsin,WI,Public,4 Year,6786.0,7692,14478,16265,23051,48900,89300,44.0,8
634,655,2749,University of Wyoming,Wyoming,WY,Public,4 Year,10320.0,5400,15720,17490,27810,52400,98800,58.0,25
635,656,2750,Upper Iowa University,Iowa,IA,Private,4 Year,8454.0,30450,38904,30450,38904,44200,78000,56.0,3
636,657,2753,Ursinus College,Pennsylvania,PA,Private,4 Year,12750.0,52050,64800,52050,64800,54400,101800,42.0,40
637,658,2755,Utah State University,Utah,UT,Public,4 Year,6400.0,7424,13824,21505,27905,52400,93900,61.0,14
638,659,2756,Utah Valley University,Utah,UT,Public,4 Year,,5726,5726,16296,16296,51100,90600,57.0,12
639,660,2763,Valdosta State University,Georgia,GA,Public,4 Year,8110.0,7476,15586,20958,29068,43400,81000,57.0,7
640,661,2765,Valley City State University,North Dakota,ND,Public,4 Year,6446.0,7626,14072,17166,23612,39900,68600,56.0,3
641,662,2767,Valparaiso University,Indiana,IN,Private,4 Year,11860.0,40260,52120,40260,52120,53300,98000,52.0,31
642,663,2769,Vanderbilt University,Tennessee,TN,Private,4 Year,16234.0,49816,66050,49816,66050,65400,119100,48.0,23
643,664,2776,Vermont Technical College,Vermont,VT,Public,4 Year,10598.0,15108,25706,27780,38378,52400,93900,41.0,4
644,665,2781,Villanova University,Pennsylvania,PA,Private,4 Year,14020.0,53308,67328,53308,67328,65100,119500,41.0,23
645,666,2784,Virginia Commonwealth University,Virginia,VA,Public,4 Year,10428.0,14490,24918,35138,45566,49900,88200,52.0,18
646,667,2787,Virginia Military Institute,Virginia,VA,Public,4 Year,9428.0,18862,28290,45706,55134,65900,120600,68.0,47
647,668,2788,Virginia Polytechnic Institute and State University,Virginia,VA,Public,4 Year,8934.0,13620,22554,31304,40238,62700,114000,48.0,42
648,669,2789,Virginia State University,Virginia,VA,Public,4 Year,11208.0,9056,20264,19576,30784,44900,81800,61.0,14
649,670,2795,Viterbo University,Wisconsin,WI,Private,4 Year,9060.0,27970,37030,27970,37030,46800,81900,62.0,3
650,671,2799,Wabash College,Indiana,IN,Private,4 Year,10050.0,43450,53500,43450,53500,62200,114400,40.0,34
651,672,2802,Wake Forest University,North Carolina,NC,Private,4 Year,16032.0,53322,69354,53322,69354,60700,114800,44.0,13
652,673,2807,Walla Walla University,Washington,WA,Private,4 Year,4275.0,28035,32310,28035,32310,53700,97800,54.0,22
653,675,2816,Wartburg College,Iowa,IA,Private,4 Year,9996.0,41280,51276,41280,51276,49300,88000,49.0,34
654,676,2817,Washburn University,Kansas,KS,Public,4 Year,8237.0,8870,17107,19940,28177,47000,83000,54.0,4
655,677,2819,Washington Adventist University,Maryland,MD,Private,4 Year,9370.0,23900,33270,23900,33270,55600,97600,63.0,9
656,678,2820,Washington and Lee University,Virginia,VA,Private,4 Year,13925.0,52455,66380,52455,66380,65900,123200,40.0,18
657,679,2821,Washington College,Maryland,MD,Private,4 Year,12414.0,46978,59392,46978,59392,52800,93500,55.0,21
658,680,2824,Washington State University,Washington,WA,Public,4 Year,11398.0,11581,22979,26365,37763,55900,103700,50.0,20
659,681,2833,Wayne State College,Nebraska,NE,Public,4 Year,7668.0,6989,14657,12299,19967,40600,73400,54.0,11
660,682,2834,Wayne State University,Michigan,MI,Public,4 Year,10427.0,13347,23774,28241,38668,50800,91700,53.0,21
661,683,2837,Webb Institute,New York,NY,Private,4 Year,15050.0,50175,65225,50175,65225,80800,141800,,100
662,684,2839,Weber State University,Utah,UT,Public,4 Year,6279.0,5831,12110,16585,22864,53900,94000,60.0,8
663,685,2840,Webster University,Missouri,MO,Private,4 Year,11050.0,27900,38950,27900,38950,46500,83500,50.0,2
664,686,2842,Wellesley College,Massachusetts,MA,Private,4 Year,16468.0,53732,70200,53732,70200,58900,106200,48.0,34
665,687,2845,Wentworth Institute of Technology,Massachusetts,MA,Private,4 Year,14190.0,33950,48140,33950,48140,62700,112700,53.0,39
666,688,2847,Wesley College,Delaware,DE,Private,4 Year,11717.0,26406,38123,26406,38123,45400,77300,50.0,2
667,689,2849,Wesleyan University,Connecticut,CT,Private,4 Year,15060.0,54914,69974,54914,69974,61600,117000,53.0,21
668,690,2855,West Liberty University,West Virginia,WV,Public,4 Year,9406.0,7730,17136,15670,25076,42500,77000,51.0,6
669,691,2861,West Virginia State University,West Virginia,WV,Public,4 Year,11892.0,8167,20059,16072,27964,41800,76000,46.0,8
670,692,2862,West Virginia University,West Virginia,WV,Public,4 Year,10918.0,8856,19774,24950,35868,54400,99900,52.0,22
671,693,2863,West Virginia University at Parkersburg,West Virginia,WV,Public,2 Year,,6330,6330,10920,10920,36700,65200,67.0,3
672,694,2864,West Virginia University Institute of Technology,West Virginia,WV,Public,4 Year,11390.0,7464,18854,18648,30038,57100,103700,56.0,40
673,695,2865,West Virginia Wesleyan College,West Virginia,WV,Private,4 Year,8856.0,31640,40496,31640,40496,47000,85200,53.0,21
674,696,2867,Western Carolina University,North Carolina,NC,Public,4 Year,9682.0,4220,13902,8220,17902,44700,77700,58.0,8
675,697,2868,Western Connecticut State University,Connecticut,CT,Public,4 Year,13072.0,10819,23891,22059,35131,51700,88100,50.0,6
676,698,2870,Western Governors University,Utah,UT,Private,4 Year,,6670,6670,6670,6670,54500,91500,57.0,9
677,699,2873,Western Kentucky University,Kentucky,KY,Public,4 Year,8343.0,10602,18945,26496,34839,45500,83100,49.0,10
678,700,2874,Western Michigan University,Michigan,MI,Public,4 Year,10143.0,12483,22626,15373,25516,50900,92200,47.0,16
679,701,2877,Western New England University,Massachusetts,MA,Private,4 Year,13590.0,36804,50394,36804,50394,56400,103000,44.0,21
680,702,2878,Western New Mexico University,New Mexico,NM,Public,4 Year,9136.0,6824,15960,15231,24367,41700,76700,75.0,4
681,703,2880,Western Oregon University,Oregon,OR,Public,4 Year,10415.0,9540,19955,26415,36830,44500,79300,50.0,5
682,705,2885,Western Washington University,Washington,WA,Public,4 Year,11466.0,8132,19598,23544,35010,55000,99300,45.0,16
683,707,2900,Whitman College,Washington,WA,Private,4 Year,13174.0,51764,64938,51764,64938,54600,102600,53.0,33
684,708,2902,Whitworth University,Washington,WA,Private,4 Year,11496.0,43640,55136,43640,55136,49900,88800,52.0,18
685,709,2904,Wichita State University,Kansas,KS,Public,4 Year,11252.0,8271,19523,17452,28704,48700,87300,57.0,24
686,710,2905,Widener University,Pennsylvania,PA,Private,4 Year,14446.0,45948,60394,45948,60394,55700,100100,57.0,13
687,711,2910,Willamette University,Oregon,OR,Private,4 Year,12440.0,50074,62514,50074,62514,52200,97700,49.0,14
688,712,2911,William Carey University,Mississippi,MS,Private,4 Year,6810.0,12600,19410,12600,19410,41100,71800,61.0,6
689,713,2913,William Jewell College,Missouri,MO,Private,4 Year,9930.0,34400,44330,34400,44330,51400,94500,60.0,12
690,714,2914,William Paterson University of New Jersey,New Jersey,NJ,Public,4 Year,11445.0,13060,24505,21260,32705,50500,90200,44.0,7
691,715,2916,William Penn University,Iowa,IA,Private,4 Year,6952.0,25600,32552,25600,32552,43900,78300,59.0,7
692,716,2919,Williams College,Massachusetts,MA,Private,4 Year,14500.0,55450,69950,55450,69950,67500,127500,47.0,32
693,717,2924,Wilmington University,Delaware,DE,Private,4 Year,,11210,11210,11210,11210,45100,76600,50.0,4
694,718,2928,Winona State University,Minnesota,MN,Public,4 Year,9010.0,9425,18435,15348,24358,49700,86800,51.0,10
695,719,2930,Winthrop University,South Carolina,SC,Public,4 Year,9312.0,15590,24902,29846,39158,44300,79700,49.0,9
696,720,2933,Wisconsin Lutheran College,Wisconsin,WI,Private,4 Year,10190.0,29725,39915,29725,39915,46200,82500,45.0,10
697,721,2934,Wittenberg University,Ohio,OH,Private,4 Year,10356.0,39500,49856,39500,49856,52400,105400,61.0,22
698,722,2935,Wofford College,South Carolina,SC,Private,4 Year,12685.0,43845,56530,43845,56530,51300,96600,51.0,28
699,723,2939,Worcester Polytechnic Institute,Massachusetts,MA,Private,4 Year,14774.0,50530,65304,50530,65304,73600,135500,47.0,86
700,724,2945,Xavier University,Ohio,OH,Private,4 Year,12780.0,38530,51310,38530,51310,51800,94000,46.0,7
701,725,2946,Xavier University of Louisiana,Louisiana,LA,Private,4 Year,9047.0,24488,33535,24488,33535,46700,88200,63.0,35
702,726,2948,Yale University,Connecticut,CT,Private,4 Year,16000.0,53430,69430,53430,69430,70300,138300,53.0,22
703,727,2962,Yeshiva University,New York,NY,Private,4 Year,12250.0,43500,55750,43500,55750,63500,112800,40.0,11
